"Year","State","total_kwh"
2022,"Alabama",39876868.5325303
2022,"Alaska",8960631.29788969
2022,"Arizona",310405180.21567
2022,"Arkansas",23071992.9850074
2022,"California",3890921139.7564
2022,"Colorado",279406728.543406
2022,"Connecticut",103494106.243177
2022,"Delaware",24648501.5569503
2022,"District of Columbia",26634359.5653983
2022,"Florida",763093706.248029
2022,"Georgia",250538806.667834
2022,"Hawaii",84397716.5607588
2022,"Idaho",27656144.7775902
2022,"Illinois",309745965.220897
2022,"Indiana",83925816.3057707
2022,"Iowa",29799080.2305086
2022,"Kansas",35998814.593161
2022,"Kentucky",34833619.7417441
2022,"Louisiana",26689238.5961233
2022,"Maine",23963821.2095252
2022,"Maryland",208089560.405734
2022,"Massachusetts",236177242.45584
2022,"Michigan",156704947.652451
2022,"Minnesota",117409069.438854
2022,"Mississippi",11098486.13743
2022,"Missouri",84053905.3218186
2022,"Montana",15084480.7488613
2022,"Nebraska",21979966.7792683
2022,"Nevada",152174605.456695
2022,"New Hampshire",33369534.6389732
2022,"New Jersey",411579150.583338
2022,"New Mexico",33370555.2814198
2022,"New York",402170206.301988
2022,"North Carolina",206328183.085234
2022,"North Dakota",3016701.15743238
2022,"Ohio",163041099.372716
2022,"Oklahoma",74998677.1242717
2022,"Oregon",202768766.795073
2022,"Pennsylvania",222649593.138124
2022,"Rhode Island",20410627.3380647
2022,"South Carolina",61262435.8335023
2022,"South Dakota",5705830.29799988
2022,"Tennessee",97443940.8846967
2022,"Texas",669140119.863645
2022,"Utah",129398840.040844
2022,"Vermont",25688069.8944899
2022,"Virginia",256820711.795936
2022,"Washington",454578186.21685
2022,"West Virginia",8624865.66771977
2022,"Wisconsin",70181554.6081658
2022,"Wyoming",3692372.49842188
2023,"Alabama",58487401.1009399
2023,"Alaska",11858763.5892168
2023,"Arizona",412990783.101607
2023,"Arkansas",31604373.6778921
2023,"California",5367665051.19334
2023,"Colorado",411040698.795415
2023,"Connecticut",145646307.937943
2023,"Delaware",37580039.3410032
2023,"District of Columbia",35886326.4203752
2023,"Florida",1136494273.73265
2023,"Georgia",389756378.891303
2023,"Hawaii",108050954.132479
2023,"Idaho",38922036.4751254
2023,"Illinois",454167662.25912
2023,"Indiana",120911093.173033
2023,"Iowa",42134665.8932707
2023,"Kansas",52356718.6556312
2023,"Kentucky",52188140.9973847
2023,"Louisiana",36473292.3813866
2023,"Maine",34567591.43984
2023,"Maryland",320165442.042195
2023,"Massachusetts",344132855.346222
2023,"Michigan",233028577.397876
2023,"Minnesota",174150997.816902
2023,"Mississippi",16296059.8111171
2023,"Missouri",123971066.116285
2023,"Montana",20700105.8958589
2023,"Nebraska",32164590.4720071
2023,"Nevada",215128637.340297
2023,"New Hampshire",46075053.1359827
2023,"New Jersey",622816087.324531
2023,"New Mexico",47254680.8743955
2023,"New York",607789635.706803
2023,"North Carolina",312211537.541478
2023,"North Dakota",4800308.61655499
2023,"Ohio",234779555.033794
2023,"Oklahoma",102672936.685494
2023,"Oregon",275229903.388787
2023,"Pennsylvania",322724682.504599
2023,"Rhode Island",29706653.4918018
2023,"South Carolina",93160979.0290022
2023,"South Dakota",7900138.89208394
2023,"Tennessee",146041228.99258
2023,"Texas",1020376956.87495
2023,"Utah",181337506.468383
2023,"Vermont",36684975.7184298
2023,"Virginia",378136969.763601
2023,"Washington",657276701.853125
2023,"West Virginia",12479176.7491453
2023,"Wisconsin",111227980.521412
2023,"Wyoming",4983200.42182366
2024,"Alabama",99038162.41235
2024,"Alaska",18037627.6601257
2024,"Arizona",591721069.989585
2024,"Arkansas",51818197.7643137
2024,"California",7793861900.54959
2024,"Colorado",631559876.010899
2024,"Connecticut",220138335.430046
2024,"Delaware",60284134.166243
2024,"District of Columbia",52135353.96783
2024,"Florida",1777306313.65656
2024,"Georgia",634006656.608472
2024,"Hawaii",148979124.882913
2024,"Idaho",60996299.150168
2024,"Illinois",708852635.241567
2024,"Indiana",194249649.209645
2024,"Iowa",68658218.4145603
2024,"Kansas",84595931.7105262
2024,"Kentucky",89474880.7671772
2024,"Louisiana",61949205.9421145
2024,"Maine",54346279.433373
2024,"Maryland",510968242.146735
2024,"Massachusetts",529276629.571976
2024,"Michigan",374949594.883484
2024,"Minnesota",276063712.96401
2024,"Mississippi",30898738.6065956
2024,"Missouri",200416366.236749
2024,"Montana",32056288.3207298
2024,"Nebraska",52556929.66198
2024,"Nevada",321479943.168457
2024,"New Hampshire",69215878.826294
2024,"New Jersey",974805694.736703
2024,"New Mexico",73792387.7485411
2024,"New York",973864670.8001
2024,"North Carolina",503377699.264554
2024,"North Dakota",9348100.37682806
2024,"Ohio",373669895.91754
2024,"Oklahoma",155556064.849995
2024,"Oregon",399428666.440262
2024,"Pennsylvania",508561779.891642
2024,"Rhode Island",46749808.1351353
2024,"South Carolina",155268657.671024
2024,"South Dakota",13396322.6316692
2024,"Tennessee",238390671.282245
2024,"Texas",1642589008.2525
2024,"Utah",270821139.525369
2024,"Vermont",55477589.7754349
2024,"Virginia",589404085.632186
2024,"Washington",994588559.121289
2024,"West Virginia",22409600.0305614
2024,"Wisconsin",188581627.879407
2024,"Wyoming",8295417.6753905
2025,"Alabama",167614711.000608
2025,"Alaska",28294582.5175274
2025,"Arizona",843665848.450338
2025,"Arkansas",87752609.5730196
2025,"California",11014325863.2295
2025,"Colorado",930566854.520852
2025,"Connecticut",326711594.493602
2025,"Delaware",92601177.7191239
2025,"District of Columbia",75084710.4940658
2025,"Florida",2667790465.77619
2025,"Georgia",981509450.017236
2025,"Hawaii",205867994.417682
2025,"Idaho",95539593.6403577
2025,"Illinois",1073743826.0017
2025,"Indiana",310173975.587296
2025,"Iowa",113024101.746586
2025,"Kansas",135314653.892124
2025,"Kentucky",151947144.342309
2025,"Louisiana",109584939.744408
2025,"Maine",84085113.8436618
2025,"Maryland",774449649.692887
2025,"Massachusetts",787456480.013468
2025,"Michigan",588284498.635303
2025,"Minnesota",424367175.396506
2025,"Mississippi",59252154.6685775
2025,"Missouri",318052301.337219
2025,"Montana",50236613.4397691
2025,"Nebraska",85029291.1693137
2025,"Nevada",467051814.4102
2025,"New Hampshire",103287405.84162
2025,"New Jersey",1451523217.45759
2025,"New Mexico",114480182.226103
2025,"New York",1502408413.73381
2025,"North Carolina",782581676.36527
2025,"North Dakota",17721518.1600273
2025,"Ohio",589121335.689831
2025,"Oklahoma",236404389.744673
2025,"Oregon",571561999.466786
2025,"Pennsylvania",787345857.618264
2025,"Rhode Island",72024182.0220749
2025,"South Carolina",252076799.20464
2025,"South Dakota",23446761.1737286
2025,"Tennessee",379555863.332456
2025,"Texas",2535637849.78788
2025,"Utah",395774061.796076
2025,"Vermont",81429632.737417
2025,"Virginia",887412008.746458
2025,"Washington",1449618755.40141
2025,"West Virginia",40908698.1734526
2025,"Wisconsin",306299052.883437
2025,"Wyoming",14444462.5461218
2026,"Alabama",288278819.021749
2026,"Alaska",46144222.2721302
2026,"Arizona",1224958051.75782
2026,"Arkansas",153130419.060647
2026,"California",15587120083.4239
2026,"Colorado",1366694935.3077
2026,"Connecticut",490523003.4972
2026,"Delaware",141937012.631944
2026,"District of Columbia",109904585.547702
2026,"Florida",3995941638.10084
2026,"Georgia",1511539949.72266
2026,"Hawaii",290922404.681697
2026,"Idaho",152954893.531598
2026,"Illinois",1634365711.43265
2026,"Indiana",504274375.290471
2026,"Iowa",190649155.009765
2026,"Kansas",220013071.38031
2026,"Kentucky",261172283.565652
2026,"Louisiana",199063424.676467
2026,"Maine",131934148.731831
2026,"Maryland",1164437365.77764
2026,"Massachusetts",1174431430.39156
2026,"Michigan",930990618.973783
2026,"Minnesota",656233370.022299
2026,"Mississippi",113676534.329948
2026,"Missouri",510977800.660478
2026,"Montana",80970007.586061
2026,"Nebraska",139786615.994498
2026,"Nevada",680996666.650877
2026,"New Hampshire",156999374.372188
2026,"New Jersey",2144906103.4963
2026,"New Mexico",181011352.251079
2026,"New York",2322784713.27181
2026,"North Carolina",1219323913.60538
2026,"North Dakota",33371096.8682805
2026,"Ohio",944655397.001804
2026,"Oklahoma",367835625.332331
2026,"Oregon",827677231.413867
2026,"Pennsylvania",1234350742.16462
2026,"Rhode Island",112173711.165965
2026,"South Carolina",412314036.75745
2026,"South Dakota",42098179.1874394
2026,"Tennessee",609355784.987659
2026,"Texas",3910213965.01975
2026,"Utah",583246533.947644
2026,"Vermont",120067261.350388
2026,"Virginia",1338007888.48751
2026,"Washington",2107955788.63636
2026,"West Virginia",75579811.4666564
2026,"Wisconsin",497468940.726016
2026,"Wyoming",25946500.4440117
2027,"Alabama",470459178.738694
2027,"Alaska",72815322.9544902
2027,"Arizona",1729577731.06881
2027,"Arkansas",254320099.342226
2027,"California",21231014966.3192
2027,"Colorado",1921867989.97154
2027,"Connecticut",710819366.37489
2027,"Delaware",207798645.023586
2027,"District of Columbia",156008620.723958
2027,"Florida",5727218281.20707
2027,"Georgia",2218537505.27854
2027,"Hawaii",401588522.024792
2027,"Idaho",235774419.82634
2027,"Illinois",2388983369.24738
2027,"Indiana",786133404.428343
2027,"Iowa",307242683.673559
2027,"Kansas",342632554.882166
2027,"Kentucky",425265610.75673
2027,"Louisiana",340588546.256794
2027,"Maine",199053352.343766
2027,"Maryland",1669019378.49901
2027,"Massachusetts",1682091053.8822
2027,"Michigan",1411600319.57645
2027,"Minnesota",972834751.408939
2027,"Mississippi",201023245.116735
2027,"Missouri",786148100.781308
2027,"Montana",125975413.439035
2027,"Nebraska",219691008.535635
2027,"Nevada",956072398.225033
2027,"New Hampshire",231027307.190965
2027,"New Jersey",3026966836.35879
2027,"New Mexico",275654576.141285
2027,"New York",3436141602.582
2027,"North Carolina",1816155290.19271
2027,"North Dakota",57989440.8709525
2027,"Ohio",1454474721.38443
2027,"Oklahoma",554150646.47111
2027,"Oregon",1160136608.45177
2027,"Pennsylvania",1860014495.55243
2027,"Rhode Island",167877755.010557
2027,"South Carolina",642626807.187225
2027,"South Dakota",71335858.3369981
2027,"Tennessee",935069152.656509
2027,"Texas",5759937613.14048
2027,"Utah",829312772.9277
2027,"Vermont",170310619.052524
2027,"Virginia",1933949194.11343
2027,"Washington",2937645163.67154
2027,"West Virginia",130345880.067133
2027,"Wisconsin",768021698.492795
2027,"Wyoming",44092215.941805
2028,"Alabama",724401211.03902
2028,"Alaska",109685469.610372
2028,"Arizona",2354655957.9039
2028,"Arkansas",398012173.711118
2028,"California",27714283646.6704
2028,"Colorado",2583292659.84002
2028,"Connecticut",988411906.30542
2028,"Delaware",290180041.334557
2028,"District of Columbia",213182189.201737
2028,"Florida",7840867725.19218
2028,"Georgia",3102188543.09898
2028,"Hawaii",536331170.553676
2028,"Idaho",346972143.389281
2028,"Illinois",3340540280.52569
2028,"Indiana",1166817112.66056
2028,"Iowa",469093859.390276
2028,"Kansas",507808646.38473
2028,"Kentucky",653135433.530732
2028,"Louisiana",544825929.378241
2028,"Maine",287057448.022648
2028,"Maryland",2280289388.24026
2028,"Massachusetts",2306186020.71203
2028,"Michigan",2041416656.79622
2028,"Minnesota",1377770838.14184
2028,"Mississippi",328439051.863984
2028,"Missouri",1152135000.17884
2028,"Montana",187154306.899231
2028,"Nebraska",328054904.524136
2028,"Nevada",1286984460.63424
2028,"New Hampshire",326477727.437508
2028,"New Jersey",4077036152.33602
2028,"New Mexico",401227671.457404
2028,"New York",4852365617.68832
2028,"North Carolina",2579752414.34713
2028,"North Dakota",93414050.6211106
2028,"Ohio",2135796155.70936
2028,"Oklahoma",800314686.397843
2028,"Oregon",1564051423.06955
2028,"Pennsylvania",2678464558.13222
2028,"Rhode Island",240185237.29729
2028,"South Carolina",951002044.261126
2028,"South Dakota",113263915.499461
2028,"Tennessee",1365910669.77643
2028,"Texas",8091631087.01066
2028,"Utah",1131770857.93155
2028,"Vermont",231568502.614527
2028,"Virginia",2672171327.50424
2028,"Washington",3914491554.30381
2028,"West Virginia",209333360.090595
2028,"Wisconsin",1125591972.03082
2028,"Wyoming",70225324.3944058
2029,"Alabama",1067749377.19224
2029,"Alaska",159199990.476227
2029,"Arizona",3115308449.20704
2029,"Arkansas",595205294.809795
2029,"California",34980833818.7869
2029,"Colorado",3355901501.67858
2029,"Connecticut",1331867739.83139
2029,"Delaware",391355270.313923
2029,"District of Columbia",282766020.55303
2029,"Florida",10373814852.0613
2029,"Georgia",4186765270.28256
2029,"Hawaii",697266769.943813
2029,"Idaho",492752375.229895
2029,"Illinois",4519414021.70607
2029,"Indiana",1668480031.86706
2029,"Iowa",687274277.499859
2029,"Kansas",725028178.176875
2029,"Kentucky",960288130.770418
2029,"Louisiana",828571903.541175
2029,"Maine",400040084.489817
2029,"Maryland",3007092953.08828
2029,"Massachusetts",3059887980.89172
2029,"Michigan",2849976817.40106
2029,"Minnesota",1886166975.55874
2029,"Mississippi",506847448.115099
2029,"Missouri",1628227171.34082
2029,"Montana",268207073.053061
2029,"Nebraska",471370743.240389
2029,"Nevada",1677724423.45363
2029,"New Hampshire",447188725.878537
2029,"New Jersey",5303299501.30397
2029,"New Mexico",564152448.120018
2029,"New York",6620583823.36498
2029,"North Carolina",3538138288.60345
2029,"North Dakota",142508219.684642
2029,"Ohio",3025515918.00018
2029,"Oklahoma",1118540630.7049
2029,"Oregon",2045629261.29883
2029,"Pennsylvania",3727315825.95016
2029,"Rhode Island",332186778.623267
2029,"South Carolina",1354221867.61629
2029,"South Dakota",171235478.641936
2029,"Tennessee",1923356744.17041
2029,"Texas",10977833169.9807
2029,"Utah",1496970872.24276
2029,"Vermont",304871538.332633
2029,"Virginia",3570162663.19767
2029,"Washington",5040581168.11011
2029,"West Virginia",318999777.791827
2029,"Wisconsin",1588096036.69375
2029,"Wyoming",106473909.589504
2030,"Alabama",1513240588.35856
2030,"Alaska",223099186.20142
2030,"Arizona",4011454613.18885
2030,"Arkansas",854115495.61597
2030,"California",42800136354.7952
2030,"Colorado",4228407241.73514
2030,"Connecticut",1743488044.83546
2030,"Delaware",511692911.203005
2030,"District of Columbia",364771613.932297
2030,"Florida",13312378624.4363
2030,"Georgia",5476042095.00221
2030,"Hawaii",883309822.492311
2030,"Idaho",677029757.829213
2030,"Illinois",5933549350.33488
2030,"Indiana",2305457846.93442
2030,"Iowa",969675786.342624
2030,"Kansas",1000333228.29276
2030,"Kentucky",1357824015.72863
2030,"Louisiana",1204804643.5939
2030,"Maine",540258962.319912
2030,"Maryland",3843250470.64589
2030,"Massachusetts",3941591087.85268
2030,"Michigan",3853115535.06999
2030,"Minnesota",2504025726.7176
2030,"Mississippi",744904529.820297
2030,"Missouri",2225883945.80892
2030,"Montana",371585703.272849
2030,"Nebraska",653905078.471604
2030,"Nevada",2123936677.59942
2030,"New Hampshire",594883734.943012
2030,"New Jersey",6687569048.71321
2030,"New Mexico",768237823.417847
2030,"New York",8758882434.92734
2030,"North Carolina",4702317593.3002
2030,"North Dakota",207510661.374509
2030,"Ohio",4146353568.78998
2030,"Oklahoma",1515623029.42331
2030,"Oregon",2601271702.74906
2030,"Pennsylvania",5026562801.87821
2030,"Rhode Island",445425418.252199
2030,"South Carolina",1862728527.43631
2030,"South Dakota",247829612.800539
2030,"Tennessee",2619787023.58527
2030,"Texas",14436717878.9424
2030,"Utah",1923944808.13761
2030,"Vermont",389843094.813547
2030,"Virginia",4627829036.44849
2030,"Washington",6293222156.45438
2030,"West Virginia",464368163.018754
2030,"Wisconsin",2165902835.85713
2030,"Wyoming",154492187.318628
2031,"Alabama",2030170629.67586
2031,"Alaska",296855384.692945
2031,"Arizona",4959838163.72616
2031,"Arkansas",1157588335.46495
2031,"California",50251371190.8451
2031,"Colorado",5110286219.91499
2031,"Connecticut",2186920408.67468
2031,"Delaware",640347367.326511
2031,"District of Columbia",451565223.282537
2031,"Florida",16372624156.1124
2031,"Georgia",6853755935.01711
2031,"Hawaii",1076023428.3036
2031,"Idaho",885947783.157289
2031,"Illinois",7459032627.48612
2031,"Indiana",3030625484.15579
2031,"Iowa",1296662990.4673
2031,"Kansas",1313242766.50599
2031,"Kentucky",1818112982.15153
2031,"Louisiana",1649420626.91265
2031,"Maine",696548563.906448
2031,"Maryland",4706301528.26952
2031,"Massachusetts",4868047980.42963
2031,"Michigan",4971187780.99809
2031,"Minnesota",3179067513.20407
2031,"Mississippi",1027727820.63852
2031,"Missouri",2899325276.90328
2031,"Montana",489751340.994284
2031,"Nebraska",862290069.44575
2031,"Nevada",2580767698.34559
2031,"New Hampshire",757291958.121903
2031,"New Jersey",8086604022.60409
2031,"New Mexico",997687713.758078
2031,"New York",11083400715.4745
2031,"North Carolina",5973515616.20036
2031,"North Dakota",284238928.227524
2031,"Ohio",5413206983.50769
2031,"Oklahoma",1960522036.41217
2031,"Oregon",3176041159.44263
2031,"Pennsylvania",6472292359.88952
2031,"Rhode Island",570663294.634021
2031,"South Carolina",2438015378.18226
2031,"South Dakota",338082645.344038
2031,"Tennessee",3400985888.99194
2031,"Texas",18163478167.576
2031,"Utah",2372302729.50316
2031,"Vermont",478233336.2388
2031,"Virginia",5747210011.42027
2031,"Washington",7536624028.82941
2031,"West Virginia",636117123.860525
2031,"Wisconsin",2814099673.21564
2031,"Wyoming",211192728.534175
2032,"Alabama",2636182062.17966
2032,"Alaska",382927638.958927
2032,"Arizona",5980623858.88739
2032,"Arkansas",1516375972.83321
2032,"California",57373630558.3309
2032,"Colorado",6014420021.5432
2032,"Connecticut",2672749925.47689
2032,"Delaware",780245123.477368
2032,"District of Columbia",545000082.189935
2032,"Florida",19612419918.5227
2032,"Georgia",8351299662.29937
2032,"Hawaii",1278954470.52482
2032,"Idaho",1125970729.83456
2032,"Illinois",9132803336.66994
2032,"Indiana",3866970325.60696
2032,"Iowa",1679341753.78001
2032,"Kansas",1673616336.09272
2032,"Kentucky",2356740180.57388
2032,"Louisiana",2178669270.96374
2032,"Maine",873379786.084714
2032,"Maryland",5611435115.49284
2032,"Massachusetts",5858046640.93574
2032,"Michigan",6236334903.5475
2032,"Minnesota",3928940755.44647
2032,"Mississippi",1365847321.0061
2032,"Missouri",3668963937.45513
2032,"Montana",626479476.051809
2032,"Nebraska",1103213605.17723
2032,"Nevada",3055638766.96342
2032,"New Hampshire",938743975.010351
2032,"New Jersey",9520772721.62123
2032,"New Mexico",1259343937.42719
2032,"New York",13653043249.1571
2032,"North Carolina",7384490764.12883
2032,"North Dakota",375496728.539873
2032,"Ohio",6865035668.94885
2032,"Oklahoma",2466283584.23629
2032,"Oregon",3780272099.36222
2032,"Pennsylvania",8105710521.43428
2032,"Rhode Island",711346143.798124
2032,"South Carolina",3097739788.89109
2032,"South Dakota",445266333.114835
2032,"Tennessee",4290050373.64276
2032,"Texas",22247288171.5582
2032,"Utah",2851074763.46452
2032,"Vermont",571713372.662158
2032,"Virginia",6952098166.36542
2032,"Washington",8785364592.19538
2032,"West Virginia",840511983.958618
2032,"Wisconsin",3551969954.38396
2032,"Wyoming",278636918.100423
2033,"Alabama",3362700138.60969
2033,"Alaska",485744757.333525
2033,"Arizona",7112525573.74367
2033,"Arkansas",1949568590.29607
2033,"California",64280885835.3676
2033,"Colorado",6967003884.83335
2033,"Connecticut",3220891100.23327
2033,"Delaware",936869777.232888
2033,"District of Columbia",648596826.707202
2033,"Florida",23143474361.758
2033,"Georgia",10027374699.4803
2033,"Hawaii",1499089682.45447
2033,"Idaho",1408798411.92615
2033,"Illinois",11023675627.7726
2033,"Indiana",4855817998.30989
2033,"Iowa",2137500803.40387
2033,"Kansas",2099161001.48689
2033,"Kentucky",3001473077.88601
2033,"Louisiana",2821292000.55095
2033,"Maine",1078945574.73051
2033,"Maryland",6588349134.11469
2033,"Massachusetts",6947820662.0947
2033,"Michigan",7707033281.91636
2033,"Minnesota",4785988912.03508
2033,"Mississippi",1777854284.13528
2033,"Missouri",4571630872.46885
2033,"Montana",788591360.144695
2033,"Nebraska",1388660521.02143
2033,"Nevada",3563518904.51342
2033,"New Hampshire",1147279452.75844
2033,"New Jersey",11031545119.2735
2033,"New Mexico",1565634046.09909
2033,"New York",16576500724.5135
2033,"North Carolina",8995589494.46996
2033,"North Dakota",486233640.137207
2033,"Ohio",8572079721.14428
2033,"Oklahoma",3056593275.5853
2033,"Oregon",4434402631.28087
2033,"Pennsylvania",10001995043.278
2033,"Rhode Island",873822009.895422
2033,"South Carolina",3873726926.52403
2033,"South Dakota",575172207.450408
2033,"Tennessee",5328758389.86407
2033,"Texas",26853671016.3351
2033,"Utah",3377682817.4463
2033,"Vermont",673536323.946386
2033,"Virginia",8287670217.19674
2033,"Washington",10070996748.2097
2033,"West Virginia",1088647829.15611
2033,"Wisconsin",4414345502.13699
2033,"Wyoming",360487981.618071
2034,"Alabama",4209955849.23961
2034,"Alaska",605263966.743194
2034,"Arizona",8337563095.17469
2034,"Arkansas",2457887155.87036
2034,"California",70649129797.811
2034,"Colorado",7942281673.38701
2034,"Connecticut",3824623010.12177
2034,"Delaware",1108067768.88769
2034,"District of Columbia",760702550.525801
2034,"Florida",26896752948.3393
2034,"Georgia",11858349460.3671
2034,"Hawaii",1731817789.74251
2034,"Idaho",1733524964.43199
2034,"Illinois",13109365570.3383
2034,"Indiana",5994804620.52651
2034,"Iowa",2671169309.5999
2034,"Kansas",2588734981.73948
2034,"Kentucky",3752320704.15152
2034,"Louisiana",3579076683.66743
2034,"Maine",1312009190.22052
2034,"Maryland",7615881842.82686
2034,"Massachusetts",8118348595.15095
2034,"Michigan",9374713946.47199
2034,"Minnesota",5742225809.80869
2034,"Mississippi",2265199938.07773
2034,"Missouri",5603654143.59909
2034,"Montana",975760659.15134
2034,"Nebraska",1718057949.67293
2034,"Nevada",4092320872.95377
2034,"New Hampshire",1381144357.47076
2034,"New Jersey",12578054711.6996
2034,"New Mexico",1915166797.84627
2034,"New York",19823524573.3117
2034,"North Carolina",10791307130.32
2034,"North Dakota",616754531.811429
2034,"Ohio",10528361818.5261
2034,"Oklahoma",3728425671.09744
2034,"Oregon",5124554002.6132
2034,"Pennsylvania",12149361520.2695
2034,"Rhode Island",1056892253.54821
2034,"South Carolina",4763231145.66916
2034,"South Dakota",728119931.912635
2034,"Tennessee",6512016482.50169
2034,"Texas",31926552975.4607
2034,"Utah",3942840777.61434
2034,"Vermont",781697163.952997
2034,"Virginia",9732701601.76588
2034,"Washington",11351847722.8958
2034,"West Virginia",1381203022.98879
2034,"Wisconsin",5397119906.84011
2034,"Wyoming",456961718.989681
2035,"Alabama",5182574393.99658
2035,"Alaska",742063401.37885
2035,"Arizona",9647629058.8313
2035,"Arkansas",3044599746.89413
2035,"California",76246375331.1344
2035,"Colorado",8924191613.35353
2035,"Connecticut",4481778416.7204
2035,"Delaware",1292960278.48407
2035,"District of Columbia",880569131.179994
2035,"Florida",30835013030.4411
2035,"Georgia",13834745923.7574
2035,"Hawaii",1974659526.32069
2035,"Idaho",2101136977.84759
2035,"Illinois",15382574076.1838
2035,"Indiana",7288024649.77392
2035,"Iowa",3283242262.61876
2035,"Kansas",3144029213.2601
2035,"Kentucky",4613217231.95011
2035,"Louisiana",4457485556.79169
2035,"Maine",1572833064.94702
2035,"Maryland",8681939638.1084
2035,"Massachusetts",9360388262.62637
2035,"Michigan",11241082167.2346
2035,"Minnesota",6796186184.87596
2035,"Mississippi",2831634539.91807
2035,"Missouri",6767549642.93776
2035,"Montana",1188722941.18195
2035,"Nebraska",2092701199.99923
2035,"Nevada",4634919790.18475
2035,"New Hampshire",1640195047.3165
2035,"New Jersey",14134756799.3072
2035,"New Mexico",2308662125.24218
2035,"New York",23386589993.8239
2035,"North Carolina",12768333715.7126
2035,"North Dakota",768007198.06605
2035,"Ohio",12739325514.8849
2035,"Oklahoma",4482838746.84518
2035,"Oregon",5842979760.10589
2035,"Pennsylvania",14549736710.4551
2035,"Rhode Island",1260577017.4832
2035,"South Carolina",5768700424.69064
2035,"South Dakota",905197672.876368
2035,"Tennessee",7841826390.27432
2035,"Texas",37445977484.4155
2035,"Utah",4541947522.48848
2035,"Vermont",895138811.109664
2035,"Virginia",11277320251.3718
2035,"Washington",12600137218.9968
2035,"West Virginia",1720300207.2736
2035,"Wisconsin",6502103690.03873
2035,"Wyoming",568753175.546203
2036,"Alabama",6094883843.38253
2036,"Alaska",870427269.387521
2036,"Arizona",10862012258.1894
2036,"Arkansas",3595334144.52227
2036,"California",81256800515.9602
2036,"Colorado",9825329870.61587
2036,"Connecticut",5093010221.50111
2036,"Delaware",1464774622.63501
2036,"District of Columbia",991727327.387053
2036,"Florida",34476705650.8546
2036,"Georgia",15672003370.4689
2036,"Hawaii",2199143319.26244
2036,"Idaho",2445184276.35679
2036,"Illinois",17497584222.3754
2036,"Indiana",8499149977.34124
2036,"Iowa",3857310419.87244
2036,"Kansas",3663962747.68686
2036,"Kentucky",5420607571.33946
2036,"Louisiana",5282606218.31037
2036,"Maine",1816525360.96495
2036,"Maryland",9666062951.59372
2036,"Massachusetts",10510801156.053
2036,"Michigan",12984892863.0137
2036,"Minnesota",7778598933.55639
2036,"Mississippi",3363962902.8848
2036,"Missouri",7856350197.20096
2036,"Montana",1388177548.86898
2036,"Nebraska",2443637122.54689
2036,"Nevada",5134324622.5931
2036,"New Hampshire",1881809963.09311
2036,"New Jersey",15563494191.7202
2036,"New Mexico",2676618074.2269
2036,"New York",26705735998.2544
2036,"North Carolina",14611230306.9221
2036,"North Dakota",910100363.792526
2036,"Ohio",14808446745.7117
2036,"Oklahoma",5187885753.05615
2036,"Oregon",6506934785.74402
2036,"Pennsylvania",16792280337.107
2036,"Rhode Island",1450713257.35249
2036,"South Carolina",6709871079.98967
2036,"South Dakota",1071524928.7401
2036,"Tennessee",9085136040.24306
2036,"Texas",42579442086.661
2036,"Utah",5096602102.90161
2036,"Vermont",999981210.482175
2036,"Virginia",12710084466.6889
2036,"Washington",13740731697.5276
2036,"West Virginia",2038937895.74109
2036,"Wisconsin",7535537825.47776
2036,"Wyoming",673765166.765749
2037,"Alabama",6988371478.03191
2037,"Alaska",996151884.231989
2037,"Arizona",12040425291.1535
2037,"Arkansas",4134992057.76612
2037,"California",85976503941.0145
2037,"Colorado",10692465421.189
2037,"Connecticut",5687569422.72181
2037,"Delaware",1631743753.27433
2037,"District of Columbia",1099624194.60277
2037,"Florida",38001723891.1227
2037,"Georgia",17457748920.6747
2037,"Hawaii",2416523742.91153
2037,"Idaho",2781533511.23427
2037,"Illinois",19555235365.2332
2037,"Indiana",9683642578.95966
2037,"Iowa",4419384983.24514
2037,"Kansas",4172351620.97147
2037,"Kentucky",6211223580.55507
2037,"Louisiana",6091603136.92362
2037,"Maine",2054427313.78598
2037,"Maryland",10617224768.2947
2037,"Massachusetts",11625992712.0192
2037,"Michigan",14687176790.8792
2037,"Minnesota",8735675217.24009
2037,"Mississippi",3886101796.89993
2037,"Missouri",8920184105.45813
2037,"Montana",1583267742.08388
2037,"Nebraska",2786893191.32551
2037,"Nevada",5616036519.82919
2037,"New Hampshire",2117351455.9551
2037,"New Jersey",16938013149.9896
2037,"New Mexico",3036064149.24583
2037,"New York",29938172176.4532
2037,"North Carolina",16406814775.4223
2037,"North Dakota",1049415001.59139
2037,"Ohio",16830962454.6266
2037,"Oklahoma",5876210594.79067
2037,"Oregon",7149340268.55388
2037,"Pennsylvania",18981287710.8894
2037,"Rhode Island",1636183607.85792
2037,"South Carolina",7629944504.17429
2037,"South Dakota",1234560823.22478
2037,"Tennessee",10299592819.9636
2037,"Texas",47572494435.8936
2037,"Utah",5634182181.13336
2037,"Vermont",1101474354.46988
2037,"Virginia",14100507182.1523
2037,"Washington",14833840781.6095
2037,"West Virginia",2351392574.074
2037,"Wisconsin",8545041525.27806
2037,"Wyoming",776713845.614707
2038,"Alabama",7856357849.76586
2038,"Alaska",1118275559.99688
2038,"Arizona",13173172979.8309
2038,"Arkansas",4659633300.9386
2038,"California",90349990813.5801
2038,"Colorado",11517232991.0072
2038,"Connecticut",6260636159.41162
2038,"Delaware",1792469624.75565
2038,"District of Columbia",1203327913.68389
2038,"Florida",41379167401.0405
2038,"Georgia",19176457400.6857
2038,"Hawaii",2624789040.07821
2038,"Idaho",3107620947.50727
2038,"Illinois",21538710980.4018
2038,"Indiana",10832534994.0996
2038,"Iowa",4965310365.35493
2038,"Kansas",4665356897.0867
2038,"Kentucky",6979135746.59382
2038,"Louisiana",6878578070.76813
2038,"Maine",2284664225.40488
2038,"Maryland",11526812567.4103
2038,"Massachusetts",12696572322.9647
2038,"Michigan",16334623756.824
2038,"Minnesota",9659814307.05027
2038,"Mississippi",4394232268.32878
2038,"Missouri",9950905296.93198
2038,"Montana",1772530723.59959
2038,"Nebraska",3119884976.3828
2038,"Nevada",6075679397.40133
2038,"New Hampshire",2344968078.65437
2038,"New Jersey",18245388936.4155
2038,"New Mexico",3384257190.45776
2038,"New York",33057625583.8169
2038,"North Carolina",18140467351.4401
2038,"North Dakota",1184917055.2893
2038,"Ohio",18791369305.0622
2038,"Oklahoma",6542867299.81649
2038,"Oregon",7764373362.65023
2038,"Pennsylvania",21099733707.8461
2038,"Rhode Island",1815519865.23559
2038,"South Carolina",8521828902.50196
2038,"South Dakota",1393120860.4816
2038,"Tennessee",11475677018.7988
2038,"Texas",52383556391.6936
2038,"Utah",6150105935.63556
2038,"Vermont",1198712250.88537
2038,"Virginia",15436845964.1141
2038,"Washington",15868217072.525
2038,"West Virginia",2655368036.34632
2038,"Wisconsin",9522732109.64739
2038,"Wyoming",876862462.800232
2039,"Alabama",8690748900.19568
2039,"Alaska",1235708911.80806
2039,"Arizona",14249440126.1059
2039,"Arkansas",5164386319.64285
2039,"California",94329350767.1431
2039,"Colorado",12291574967.1316
2039,"Connecticut",6806763087.5554
2039,"Delaware",1945420593.33932
2039,"District of Columbia",1301892405.32329
2039,"Florida",44576141800.3276
2039,"Georgia",20811520401.2462
2039,"Hawaii",2822039315.29006
2039,"Idaho",3420404525.25335
2039,"Illinois",23429184492.8006
2039,"Indiana",11935197354.1762
2039,"Iowa",5490046315.93116
2039,"Kansas",5138379073.68456
2039,"Kentucky",7717188809.2107
2039,"Louisiana",7636231548.9696
2039,"Maine",2505084677.64576
2039,"Maryland",12385943918.8824
2039,"Massachusetts",13711904384.8901
2039,"Michigan",17911811056.2581
2039,"Minnesota",10542326510.5213
2039,"Mississippi",4883642884.65103
2039,"Missouri",10938891723.927
2039,"Montana",1954224518.13832
2039,"Nebraska",3439519277.43979
2039,"Nevada",6508829010.88611
2039,"New Hampshire",2562533695.08867
2039,"New Jersey",19472399036.1047
2039,"New Mexico",3717951689.18783
2039,"New York",36034498431.467
2039,"North Carolina",19795909338.5769
2039,"North Dakota",1315372323.84189
2039,"Ohio",20671501671.8862
2039,"Oklahoma",7181516553.19399
2039,"Oregon",8346326167.61691
2039,"Pennsylvania",23127808461.6517
2039,"Rhode Island",1987038350.20079
2039,"South Carolina",9377232794.32753
2039,"South Dakota",1545754338.14262
2039,"Tennessee",12602312446.7859
2039,"Texas",56966499171.2109
2039,"Utah",6639380419.72066
2039,"Vermont",1290769915.64437
2039,"Virginia",16706333659.8653
2039,"Washington",16833367968.8063
2039,"West Virginia",2948094568.18173
2039,"Wisconsin",10459413693.7651
2039,"Wyoming",973279331.98335
2040,"Alabama",9490405252.97046
2040,"Alaska",1348228820.68393
2040,"Arizona",15267186937.56
2040,"Arkansas",5648589156.7486
2040,"California",97890647893.5466
2040,"Colorado",13012927416.9418
2040,"Connecticut",7324822310.87589
2040,"Delaware",2090266480.37249
2040,"District of Columbia",1395068071.71434
2040,"Florida",47584379402.4322
2040,"Georgia",22359320264.6967
2040,"Hawaii",3007619956.17075
2040,"Idaho",3719395934.00559
2040,"Illinois",25223040559.6892
2040,"Indiana",12989880203.4962
2040,"Iowa",5992827165.03291
2040,"Kansas",5590683295.83298
2040,"Kentucky",8424344638.15288
2040,"Louisiana",8363612951.83882
2040,"Maine",2715323055.30192
2040,"Maryland",13192408382.4769
2040,"Massachusetts",14669912741.1662
2040,"Michigan",19416139950.7735
2040,"Minnesota",11381543512.0441
2040,"Mississippi",5353730717.06119
2040,"Missouri",11882565557.6441
2040,"Montana",2128057303.5893
2040,"Nebraska",3745307794.62163
2040,"Nevada",6914328156.96695
2040,"New Hampshire",2769677927.6477
2040,"New Jersey",20615577718.9751
2040,"New Mexico",4036574742.42128
2040,"New York",38862750229.2364
2040,"North Carolina",21369870034.1887
2040,"North Dakota",1440586869.76237
2040,"Ohio",22468333327.3478
2040,"Oklahoma",7790922779.44322
2040,"Oregon",8893358314.63232
2040,"Pennsylvania",25062032149.9383
2040,"Rhode Island",2150448038.80119
2040,"South Carolina",10194700660.8729
2040,"South Dakota",1692246762.67269
2040,"Tennessee",13677714461.5807
2040,"Texas",61312489848.3687
2040,"Utah",7100928631.49329
2040,"Vermont",1377389731.91895
2040,"Virginia",17906064320.0236
2040,"Washington",17725482352.0064
2040,"West Virginia",3229153011.85106
2040,"Wisconsin",11353521694.1038
2040,"Wyoming",1065833604.8711
2041,"Alabama",10215686231.281
2041,"Alaska",1450221165.43065
2041,"Arizona",16169566131.8156
2041,"Arkansas",6088404950.6127
2041,"California",100744781496.258
2041,"Colorado",13637187207.1822
2041,"Connecticut",7786809900.74238
2041,"Delaware",2219114721.63543
2041,"District of Columbia",1477705138.35423
2041,"Florida",50232610894.4537
2041,"Georgia",23735446814.0819
2041,"Hawaii",3170787267.86374
2041,"Idaho",3989448030.73474
2041,"Illinois",26823186453.7013
2041,"Indiana",13943334475.6741
2041,"Iowa",6448681993.7468
2041,"Kansas",5999382953.96625
2041,"Kentucky",9065500188.56315
2041,"Louisiana",9025156360.58758
2041,"Maine",2904527297.71837
2041,"Maryland",13898996146.8351
2041,"Massachusetts",15516640906.7112
2041,"Michigan",20769973334.9249
2041,"Minnesota",12133084543.3929
2041,"Mississippi",5781624535.37885
2041,"Missouri",12733735459.5012
2041,"Montana",2285280171.84325
2041,"Nebraska",4021851730.30479
2041,"Nevada",7267931009.82644
2041,"New Hampshire",2955476814.93147
2041,"New Jersey",21604605774.9724
2041,"New Mexico",4323874059.27388
2041,"New York",41392469821.6809
2041,"North Carolina",22779114225.8631
2041,"North Dakota",1554452702.51424
2041,"Ohio",24090553378.8632
2041,"Oklahoma",8339780884.15816
2041,"Oregon",9373472174.52988
2041,"Pennsylvania",26802303051.5597
2041,"Rhode Island",2297228874.75295
2041,"South Carolina",10932801715.346
2041,"South Dakota",1825427588.24544
2041,"Tennessee",14646834792.7263
2041,"Texas",65187140671.7778
2041,"Utah",7508703192.23412
2041,"Vermont",1453632278.97577
2041,"Virginia",18969247729.307
2041,"Washington",18486090939.8528
2041,"West Virginia",3484809575.97486
2041,"Wisconsin",12159320512.833
2041,"Wyoming",1150007693.03771
2042,"Alabama",10897501432.8862
2042,"Alaska",1546083140.27985
2042,"Arizona",17003262518.3908
2042,"Arkansas",6502426375.56091
2042,"California",103156541262.684
2042,"Colorado",14201781667.7519
2042,"Connecticut",8215535385.52888
2042,"Delaware",2338370055.8389
2042,"District of Columbia",1554054109.8032
2042,"Florida",52663122703.36
2042,"Georgia",25008586677.7977
2042,"Hawaii",3320497791.29705
2042,"Idaho",4242516405.77407
2042,"Illinois",28308110867.6531
2042,"Indiana",14837404225.7489
2042,"Iowa",6877145976.29835
2042,"Kansas",6382489018.37331
2042,"Kentucky",9668030055.57899
2042,"Louisiana",9648434304.85829
2042,"Maine",3081357897.20941
2042,"Maryland",14544781695.9269
2042,"Massachusetts",16296457366.579
2042,"Michigan",22035095319.686
2042,"Minnesota",12832428938.0517
2042,"Mississippi",6184982381.43922
2042,"Missouri",13530520602.8523
2042,"Montana",2432827238.06981
2042,"Nebraska",4281248143.15537
2042,"Nevada",7590323478.04451
2042,"New Hampshire",3128731485.32428
2042,"New Jersey",22499355972.6303
2042,"New Mexico",4592747779.61325
2042,"New York",43744199119.9308
2042,"North Carolina",24090386405.3955
2042,"North Dakota",1661704232.35773
2042,"Ohio",25610025095.5046
2042,"Oklahoma",8853279929.07851
2042,"Oregon",9813315672.64503
2042,"Pennsylvania",28428342926.2749
2042,"Rhode Island",2434209370.19552
2042,"South Carolina",11624199642.6024
2042,"South Dakota",1950874262.54125
2042,"Tennessee",15553264373.1687
2042,"Texas",68779994451.5135
2042,"Utah",7884256371.58665
2042,"Vermont",1523608411.63966
2042,"Virginia",19950573456.5103
2042,"Washington",19165201238.6689
2042,"West Virginia",3725701622.81551
2042,"Wisconsin",12912926456.1928
2042,"Wyoming",1229311705.29568
2043,"Alabama",11529090496.4223
2043,"Alaska",1634844748.78439
2043,"Arizona",17760830616.3808
2043,"Arkansas",6886463345.80268
2043,"California",105121792885.978
2043,"Colorado",14702934058.3726
2043,"Connecticut",8607172825.4396
2043,"Delaware",2447008373.98489
2043,"District of Columbia",1623440296.90888
2043,"Florida",54856612301.0257
2043,"Georgia",26167969795.1955
2043,"Hawaii",3455455110.73336
2043,"Idaho",4476125342.75313
2043,"Illinois",29664646043.635
2043,"Indiana",15663365473.6843
2043,"Iowa",7273945630.26606
2043,"Kansas",6736279441.30136
2043,"Kentucky",10225987149.4505
2043,"Louisiana",10227110612.8892
2043,"Maine",3244141102.6747
2043,"Maryland",15124976148.654
2043,"Massachusetts",17002979306.75
2043,"Michigan",23199533628.4459
2043,"Minnesota",13473242105.2329
2043,"Mississippi",6559715549.80877
2043,"Missouri",14265273414.0504
2043,"Montana",2569229101.89348
2043,"Nebraska",4520962683.70396
2043,"Nevada",7879013758.22911
2043,"New Hampshire",3287816786.50397
2043,"New Jersey",23293931221.2429
2043,"New Mexico",4840593707.373
2043,"New York",45896894300.7356
2043,"North Carolina",25291815852.5116
2043,"North Dakota",1761259734.0779
2043,"Ohio",27012068888.3768
2043,"Oklahoma",9326436566.63875
2043,"Oregon",10209274544.9106
2043,"Pennsylvania",29924765611.5906
2043,"Rhode Island",2560110875.99238
2043,"South Carolina",12262240622.3878
2043,"South Dakota",2067312736.98403
2043,"Tennessee",16388416897.5931
2043,"Texas",72059625663.1175
2043,"Utah",8224408290.25459
2043,"Vermont",1586761650.27948
2043,"Virginia",20841765689.3194
2043,"Washington",19758934272.5951
2043,"West Virginia",3949386248.83758
2043,"Wisconsin",13607233957.5909
2043,"Wyoming",1302935559.3896
2044,"Alabama",12111813043.0825
2044,"Alaska",1716699552.65108
2044,"Arizona",18447441227.6677
2044,"Arkansas",7241220731.54541
2044,"California",106714842252.212
2044,"Colorado",15147333446.9387
2044,"Connecticut",8964084691.1029
2044,"Delaware",2545752551.71513
2044,"District of Columbia",1686358570.63333
2044,"Florida",56833160738.7346
2044,"Georgia",27221463264.886
2044,"Hawaii",3576891018.15642
2044,"Idaho",4690925690.48577
2044,"Illinois",30900907918.5517
2044,"Indiana",16423670427.0262
2044,"Iowa",7640004157.13367
2044,"Kansas",7061849651.27062
2044,"Kentucky",10740625891.9722
2044,"Louisiana",10762111110.9662
2044,"Maine",3393524675.34453
2044,"Maryland",15645641200.4039
2044,"Massachusetts",17642072011.5032
2044,"Michigan",24267898674.8017
2044,"Minnesota",14058861370.5287
2044,"Mississippi",6906344146.12408
2044,"Missouri",14940553943.9321
2044,"Montana",2694809910.21007
2044,"Nebraska",4741692799.45313
2044,"Nevada",8137121480.96134
2044,"New Hampshire",3433468032.81367
2044,"New Jersey",23999298034.5537
2044,"New Mexico",5068194720.1368
2044,"New York",47862369742.1152
2044,"North Carolina",26389534414.1644
2044,"North Dakota",1853292028.54267
2044,"Ohio",28301296801.0082
2044,"Oklahoma",9760934905.92489
2044,"Oregon",10565160898.7402
2044,"Pennsylvania",31297573632.4269
2044,"Rhode Island",2675487673.12236
2044,"South Carolina",12848959559.0338
2044,"South Dakota",2174943708.98809
2044,"Tennessee",17155286430.9892
2044,"Texas",75046219983.1669
2044,"Utah",8531804607.66212
2044,"Vermont",1643681742.53175
2044,"Virginia",21649470488.8869
2044,"Washington",20277869190.9886
2044,"West Virginia",4156207421.04311
2044,"Wisconsin",14244838504.1012
2044,"Wyoming",1370974692.08123
2045,"Alabama",12640867186.0527
2045,"Alaska",1790925227.5979
2045,"Arizona",19060337223.0429
2045,"Arkansas",7563621555.19354
2045,"California",107973079450.518
2045,"Colorado",15535735772.8898
2045,"Connecticut",9284393881.59561
2045,"Delaware",2634140395.64015
2045,"District of Columbia",1742541122.19485
2045,"Florida",58587723877.5239
2045,"Georgia",28164242991.2487
2045,"Hawaii",3684425457.7061
2045,"Idaho",4885313233.66581
2045,"Illinois",32010284186.8222
2045,"Indiana",17112368061.6149
2045,"Iowa",7972245355.67807
2045,"Kansas",7356666985.42835
2045,"Kentucky",11207745936.3751
2045,"Louisiana",11248693418.5031
2045,"Maine",3528468071.16759
2045,"Maryland",16106025290.4772
2045,"Massachusetts",18211596601.7007
2045,"Michigan",25232690190.5847
2045,"Minnesota",14585746447.8688
2045,"Mississippi",7221793581.05981
2045,"Missouri",15551321395.715
2045,"Montana",2808588345.79776
2045,"Nebraska",4941687838.96823
2045,"Nevada",8364500659.76194
2045,"New Hampshire",3564748292.86465
2045,"New Jersey",24616413550.7959
2045,"New Mexico",5273922102.64413
2045,"New York",49629361134.766
2045,"North Carolina",27376976587.802
2045,"North Dakota",1936983700.60773
2045,"Ohio",29467957710.1364
2045,"Oklahoma",10153619879.2485
2045,"Oregon",10880002256.0247
2045,"Pennsylvania",32537223517.1648
2045,"Rhode Island",2779576250.25623
2045,"South Carolina",13379916183.1535
2045,"South Dakota",2272810167.54002
2045,"Tennessee",17848463649.7024
2045,"Texas",77724553782.1556
2045,"Utah",8805458280.36041
2045,"Vermont",1694228771.26684
2045,"Virginia",22370456717.7698
2045,"Washington",20724252159.3863
2045,"West Virginia",4344320334.07631
2045,"Wisconsin",14821148070.8976
2045,"Wyoming",1432836495.74634
2046,"Alabama",13082864121.0643
2046,"Alaska",1852084236.59222
2046,"Arizona",19555507954.5301
2046,"Arkansas",7833476575.86402
2046,"California",108690079658.756
2046,"Colorado",15836425422.0605
2046,"Connecticut",9546084261.8671
2046,"Delaware",2706032732.4267
2046,"District of Columbia",1787996296.51119
2046,"Florida",59991324738.8978
2046,"Georgia",28930789691.5673
2046,"Hawaii",3768557648.20845
2046,"Idaho",5046687065.50891
2046,"Illinois",32916820333.0644
2046,"Indiana",17685408370.5326
2046,"Iowa",8249727155.85959
2046,"Kansas",7601836471.38924
2046,"Kentucky",11597819936.9104
2046,"Louisiana",11656584691.433
2046,"Maine",3640132421.56059
2046,"Maryland",16471520422.5919
2046,"Massachusetts",18670528130.062
2046,"Michigan",26030776819.929
2046,"Minnesota",15018530893.5795
2046,"Mississippi",7486512884.76123
2046,"Missouri",16058080642.6008
2046,"Montana",2903240949.64567
2046,"Nebraska",5108185004.6357
2046,"Nevada",8543348648.65621
2046,"New Hampshire",3672900689.71224
2046,"New Jersey",25095431346.9843
2046,"New Mexico",5444321100.64884
2046,"New York",51078532565.0638
2046,"North Carolina",28187833307.4229
2046,"North Dakota",2007142981.6013
2046,"Ohio",30436899876.5314
2046,"Oklahoma",10478811113.0169
2046,"Oregon",11125896473.8442
2046,"Pennsylvania",33562473495.7552
2046,"Rhode Island",2865493631.73944
2046,"South Carolina",13820948451.1398
2046,"South Dakota",2354827901.68403
2046,"Tennessee",18422758972.8892
2046,"Texas",79910363174.1655
2046,"Utah",9025411400.8718
2046,"Vermont",1734672487.5011
2046,"Virginia",22953620108.9914
2046,"Washington",21050886876.5223
2046,"West Virginia",4502060739.67045
2046,"Wisconsin",15298773332.0822
2046,"Wyoming",1484649895.21353
2047,"Alabama",13468804987.4216
2047,"Alaska",1905309880.53505
2047,"Arizona",19982882740.6231
2047,"Arkansas",8069216868.2964
2047,"California",109217048659.392
2047,"Colorado",16091785585.8814
2047,"Connecticut",9773081727.93614
2047,"Delaware",2768221802.41268
2047,"District of Columbia",1827242990.93474
2047,"Florida",61198083431.0462
2047,"Georgia",29593779175.4853
2047,"Hawaii",3840423246.93036
2047,"Idaho",5187322036.83385
2047,"Illinois",33702259161.0554
2047,"Indiana",18185101218.6307
2047,"Iowa",8492043369.51409
2047,"Kansas",7815613242.40346
2047,"Kentucky",11938366216.6067
2047,"Louisiana",12013097746.4869
2047,"Maine",3737422186.42909
2047,"Maryland",16784848649.7526
2047,"Massachusetts",19066673349.8262
2047,"Michigan",26725278586.7816
2047,"Minnesota",15394256389.5798
2047,"Mississippi",7718021187.68493
2047,"Missouri",16499600813.5115
2047,"Montana",2985791652.35807
2047,"Nebraska",5253418433.18882
2047,"Nevada",8696180299.39665
2047,"New Hampshire",3766988798.83501
2047,"New Jersey",25502842046.135
2047,"New Mexico",5592702235.28343
2047,"New York",52336348806.269
2047,"North Carolina",28891680484.882
2047,"North Dakota",2068489443.63146
2047,"Ohio",31281267918.907
2047,"Oklahoma",10761821228.1846
2047,"Oregon",11335791412.8192
2047,"Pennsylvania",34455008119.3022
2047,"Rhode Island",2940286422.85076
2047,"South Carolina",14205348745.7632
2047,"South Dakota",2426536997.93005
2047,"Tennessee",18922735991.2317
2047,"Texas",81802490988.3173
2047,"Utah",9214885003.76529
2047,"Vermont",1769494700.96563
2047,"Virginia",23457053923.3521
2047,"Washington",21322619457.8101
2047,"West Virginia",4640006021.81996
2047,"Wisconsin",15714673303.9651
2047,"Wyoming",1529945038.05735
2048,"Alabama",13794682690.4376
2048,"Alaska",1950063788.33181
2048,"Arizona",20339794344.8821
2048,"Arkansas",8268345736.05424
2048,"California",109585315496.56
2048,"Colorado",16301889820.1347
2048,"Connecticut",9963588084.80049
2048,"Delaware",2820295612.7617
2048,"District of Columbia",1860049486.52645
2048,"Florida",62203003752.2277
2048,"Georgia",30148862582.8361
2048,"Hawaii",3899804371.62594
2048,"Idaho",5305806621.72788
2048,"Illinois",34361068659.1842
2048,"Indiana",18606611939.1158
2048,"Iowa",8696659698.52461
2048,"Kansas",7995892037.29762
2048,"Kentucky",12225872547.8677
2048,"Louisiana",12314382833.2919
2048,"Maine",3819394919.04699
2048,"Maryland",17045090896.7864
2048,"Massachusetts",19397680903.2833
2048,"Michigan",27310060262.3692
2048,"Minnesota",15709888405.876
2048,"Mississippi",7913768922.52182
2048,"Missouri",16871675320.8432
2048,"Montana",3055386546.80846
2048,"Nebraska",5375935516.87916
2048,"Nevada",8822648754.19315
2048,"New Hampshire",3846156692.25833
2048,"New Jersey",25838832206.6703
2048,"New Mexico",5717622941.88359
2048,"New York",53392881396.0873
2048,"North Carolina",29482865503.5844
2048,"North Dakota",2120350291.97429
2048,"Ohio",31993119181.6748
2048,"Oklahoma",11000080172.0471
2048,"Oregon",11509113470.3319
2048,"Pennsylvania",35206687268.0852
2048,"Rhode Island",3003255849.58797
2048,"South Carolina",14529392853.8702
2048,"South Dakota",2487152921.44951
2048,"Tennessee",19343803296.2049
2048,"Texas",83387919840.3322
2048,"Utah",9372845046.08209
2048,"Vermont",1798524356.40498
2048,"Virginia",23877832657.7472
2048,"Washington",21541458476.6578
2048,"West Virginia",4756633741.66832
2048,"Wisconsin",16065069478.1998
2048,"Wyoming",1568212007.85302
2049,"Alabama",14068253376.5259
2049,"Alaska",1987382623.2412
2049,"Arizona",20639299337.4326
2049,"Arkansas",8435420930.43369
2049,"California",109887057416.816
2049,"Colorado",16478403006.318
2049,"Connecticut",10123922972.6056
2049,"Delaware",2864069457.69578
2049,"District of Columbia",1887634617.89755
2049,"Florida",63048346673.142
2049,"Georgia",30615474809.3824
2049,"Hawaii",3949246877.86339
2049,"Idaho",5405157802.5786
2049,"Illinois",34914841174.0157
2049,"Indiana",18960637442.9986
2049,"Iowa",8868438988.06663
2049,"Kansas",8147265376.58786
2049,"Kentucky",12467234322.3846
2049,"Louisiana",12567156513.9864
2049,"Maine",3888336575.57019
2049,"Maryland",17264072835.5186
2049,"Massachusetts",19676474346.581
2049,"Michigan",27801341805.8733
2049,"Minnesota",15975045978.1854
2049,"Mississippi",8078069530.29983
2049,"Missouri",17184121828.4588
2049,"Montana",3113740690.52023
2049,"Nebraska",5478803882.96076
2049,"Nevada",8928856992.20586
2049,"New Hampshire",3912756676.35829
2049,"New Jersey",26122226507.0466
2049,"New Mexico",5822377172.64808
2049,"New York",54281445535.1846
2049,"North Carolina",29979632604.0882
2049,"North Dakota",2163881375.4622
2049,"Ohio",32591046747.9963
2049,"Oklahoma",11200061225.8049
2049,"Oregon",11653415158.3686
2049,"Pennsylvania",35838616663.66
2049,"Rhode Island",3056222262.78118
2049,"South Carolina",14801561422.2499
2049,"South Dakota",2538034120.19872
2049,"Tennessee",19697394822.3606
2049,"Texas",84719227030.3509
2049,"Utah",9505413911.37904
2049,"Vermont",1822984789.16409
2049,"Virginia",24231631394.0373
2049,"Washington",21723236602.0078
2049,"West Virginia",4854555450.8297
2049,"Wisconsin",16359411869.1928
2049,"Wyoming",1600292240.06067
2050,"Alabama",14293301441.051
2050,"Alaska",2017924504.16872
2050,"Arizona",20887976531.1071
2050,"Arkansas",8572748689.63089
2050,"California",110171459049.481
2050,"Colorado",16627037346.2872
2050,"Connecticut",10257115521.865
2050,"Delaware",2900406276.14314
2050,"District of Columbia",1910575475.96804
2050,"Florida",63753963357.775
2050,"Georgia",31002852613.4524
2050,"Hawaii",3990237275.5611
2050,"Idaho",5486951416.99296
2050,"Illinois",35374004053.5929
2050,"Indiana",19252464050.5164
2050,"Iowa",9009858066.25196
2050,"Kansas",8272054285.90254
2050,"Kentucky",12665813523.1012
2050,"Louisiana",12774827750.4888
2050,"Maine",3945359087.30171
2050,"Maryland",17447325523.3735
2050,"Massachusetts",19909175612.1156
2050,"Michigan",28207070332.909
2050,"Minnesota",16194504398.3474
2050,"Mississippi",8213044138.63353
2050,"Missouri",17441883640.5489
2050,"Montana",3161753303.08495
2050,"Nebraska",5563576857.70917
2050,"Nevada",9017818288.96498
2050,"New Hampshire",3967926376.47915
2050,"New Jersey",26361723824.5592
2050,"New Mexico",5908678523.45816
2050,"New York",55017982960.4511
2050,"North Carolina",30390732807.2841
2050,"North Dakota",2199676049.73226
2050,"Ohio",33084213351.5085
2050,"Oklahoma",11364980512.8855
2050,"Oregon",11773097150.5704
2050,"Pennsylvania",36360991227.6613
2050,"Rhode Island",3100068217.40407
2050,"South Carolina",15025978483.7725
2050,"South Dakota",2579877321.54596
2050,"Tennessee",19989022341.159
2050,"Texas",85822099857.6284
2050,"Utah",9615662170.27579
2050,"Vermont",1843452986.32048
2050,"Virginia",24525867764.1719
2050,"Washington",21876804137.9046
2050,"West Virginia",4935060416.83642
2050,"Wisconsin",16602342990.2446
2050,"Wyoming",1626633194.73292
