"period","State","ev_share"
2015,"Alabama",0.00178380306814128
2016,"Alabama",0.00178380306814128
2017,"Alabama",0.00298804780876494
2018,"Alabama",0.00255754475703325
2019,"Alabama",0.00331282536677709
2020,"Alabama",0.00382490437739057
2021,"Alabama",0.00413318025258324
2022,"Alabama",0.00404899281303776
2015,"Alaska",0.000713521227256511
2016,"Alaska",0.000713521227256511
2017,"Alaska",0.00199203187250996
2018,"Alaska",0.00051150895140665
2019,"Alaska",0.000946521533364884
2020,"Alaska",0.000849978750531237
2021,"Alaska",0.000918484500574053
2022,"Alaska",0.000708573742281607
2015,"Arizona",0.016767748840528
2016,"Arizona",0.016767748840528
2017,"Arizona",0.0249003984063745
2018,"Arizona",0.0276214833759591
2019,"Arizona",0.0326549929010885
2020,"Arizona",0.0395240118997025
2021,"Arizona",0.0273249138920781
2022,"Arizona",0.0254074299018119
2015,"Arkansas",0.000713521227256511
2016,"Arkansas",0.000713521227256511
2017,"Arkansas",0.00099601593625498
2018,"Arkansas",0.00153452685421995
2019,"Arkansas",0.00141978230004733
2020,"Arkansas",0.00169995750106247
2021,"Arkansas",0.00252583237657865
2022,"Arkansas",0.00273307014880049
2015,"California",0.504816268283981
2016,"California",0.504816268283981
2017,"California",0.4800796812749
2018,"California",0.428644501278772
2019,"California",0.360624704212021
2020,"California",0.321291967700807
2021,"California",0.316417910447761
2022,"California",0.344670513209839
2015,"Colorado",0.0189083125222975
2016,"Colorado",0.0189083125222975
2017,"Colorado",0.0268924302788845
2018,"Colorado",0.0230179028132992
2019,"Colorado",0.0317084713677236
2020,"Colorado",0.023374415639609
2021,"Colorado",0.0282433983926521
2022,"Colorado",0.0231804838546412
2015,"Connecticut",0.00713521227256511
2016,"Connecticut",0.00713521227256511
2017,"Connecticut",0.0099601593625498
2018,"Connecticut",0.010230179028133
2019,"Connecticut",0.0089919545669664
2020,"Connecticut",0.00892477688057799
2021,"Connecticut",0.00987370838117107
2022,"Connecticut",0.00880655936835712
2015,"Delaware",0.00107028184088477
2016,"Delaware",0.00107028184088477
2017,"Delaware",0.00099601593625498
2018,"Delaware",0.0020460358056266
2019,"Delaware",0.00236630383341221
2020,"Delaware",0.00254993625159371
2021,"Delaware",0.00252583237657865
2022,"Delaware",0.00242939568782265
2015,"District of Columbia",0.00214056368176953
2016,"District of Columbia",0.00214056368176953
2017,"District of Columbia",0.00199203187250996
2018,"District of Columbia",0.00153452685421995
2019,"District of Columbia",0.00331282536677709
2020,"District of Columbia",0.00254993625159371
2021,"District of Columbia",0.00298507462686567
2022,"District of Columbia",0.00222694604717077
2015,"Florida",0.0413842311808776
2016,"Florida",0.0413842311808776
2017,"Florida",0.0428286852589641
2018,"Florida",0.0588235294117647
2019,"Florida",0.061050638902035
2020,"Florida",0.0760730981725457
2021,"Florida",0.0858783008036739
2022,"Florida",0.0732867699159834
2015,"Georgia",0.064216910453086
2016,"Georgia",0.064216910453086
2017,"Georgia",0
2018,"Georgia",0.00767263427109974
2019,"Georgia",0.0146710837671557
2020,"Georgia",0.0191245218869528
2021,"Georgia",0.0241102181400689
2022,"Georgia",0.0264196781050714
2015,"Hawaii",0.0149839457723867
2016,"Hawaii",0.0149839457723867
2017,"Hawaii",0.0119521912350598
2018,"Hawaii",0.0061381074168798
2019,"Hawaii",0.0104117368670137
2020,"Hawaii",0.00807479813004675
2021,"Hawaii",0.00803673938002296
2022,"Hawaii",0.00566858993825286
2015,"Idaho",0.00142704245451302
2016,"Idaho",0.00142704245451302
2017,"Idaho",0.00298804780876494
2018,"Idaho",0.0020460358056266
2019,"Idaho",0.00236630383341221
2020,"Idaho",0.00297492562685933
2021,"Idaho",0.00275545350172216
2022,"Idaho",0.00242939568782265
2015,"Illinois",0.0206921155904388
2016,"Illinois",0.0206921155904388
2017,"Illinois",0.0249003984063745
2018,"Illinois",0.0271099744245524
2019,"Illinois",0.0269758637008992
2020,"Illinois",0.0284742881427964
2021,"Illinois",0.0241102181400689
2022,"Illinois",0.030772345379087
2015,"Indiana",0.00463788797716732
2016,"Indiana",0.00463788797716732
2017,"Indiana",0.00597609561752988
2018,"Indiana",0.00767263427109974
2019,"Indiana",0.00804543303360152
2020,"Indiana",0.00807479813004675
2021,"Indiana",0.00780711825487945
2022,"Indiana",0.00738941188379391
2015,"Iowa",0.00142704245451302
2016,"Iowa",0.00142704245451302
2017,"Iowa",0.00199203187250996
2018,"Iowa",0.00255754475703325
2019,"Iowa",0.00236630383341221
2020,"Iowa",0.00297492562685933
2021,"Iowa",0.00321469575200919
2022,"Iowa",0.0025306205081486
2015,"Kansas",0.00214056368176953
2016,"Kansas",0.00214056368176953
2017,"Kansas",0.00398406374501992
2018,"Kansas",0.00358056265984655
2019,"Kansas",0.00283956460009465
2020,"Kansas",0.00339991500212495
2021,"Kansas",0.00321469575200919
2022,"Kansas",0.00313796943010426
2015,"Kentucky",0.00178380306814128
2016,"Kentucky",0.00178380306814128
2017,"Kentucky",0.00199203187250996
2018,"Kentucky",0.00255754475703325
2019,"Kentucky",0.00331282536677709
2020,"Kentucky",0.00297492562685933
2021,"Kentucky",0.00367393800229621
2022,"Kentucky",0.00344164389108209
2015,"Louisiana",0.00142704245451302
2016,"Louisiana",0.00142704245451302
2017,"Louisiana",0.00199203187250996
2018,"Louisiana",0.00153452685421995
2019,"Louisiana",0.00236630383341221
2020,"Louisiana",0.00254993625159371
2021,"Louisiana",0.00275545350172216
2022,"Louisiana",0.00273307014880049
2015,"Maine",0.00107028184088477
2016,"Maine",0.00107028184088477
2017,"Maine",0.00199203187250996
2018,"Maine",0.00153452685421995
2019,"Maine",0.00236630383341221
2020,"Maine",0.00254993625159371
2021,"Maine",0.00252583237657865
2022,"Maine",0.00202449640651888
2015,"Maryland",0.0114163396361042
2016,"Maryland",0.0114163396361042
2017,"Maryland",0.0119521912350598
2018,"Maryland",0.020460358056266
2019,"Maryland",0.0227165168007572
2020,"Maryland",0.0203994900127497
2021,"Maryland",0.017451205510907
2022,"Maryland",0.0207510881668185
2015,"Massachusetts",0.0128433820906172
2016,"Massachusetts",0.0128433820906172
2017,"Massachusetts",0.0199203187250996
2018,"Massachusetts",0.0240409207161125
2019,"Massachusetts",0.0179839091339328
2020,"Massachusetts",0.0293242668933277
2021,"Massachusetts",0.0218140068886338
2022,"Massachusetts",0.0191314910416034
2015,"Michigan",0.00570816981805209
2016,"Michigan",0.00570816981805209
2017,"Michigan",0.00896414342629482
2018,"Michigan",0.00869565217391304
2019,"Michigan",0.0113582584003786
2020,"Michigan",0.0169995750106247
2021,"Michigan",0.0158438576349024
2022,"Michigan",0.0157910719708473
2015,"Minnesota",0.00570816981805209
2016,"Minnesota",0.00570816981805209
2017,"Minnesota",0.00697211155378486
2018,"Minnesota",0.0132992327365729
2019,"Minnesota",0.0132513014671084
2020,"Minnesota",0.0114747131321717
2021,"Minnesota",0.0105625717566016
2022,"Minnesota",0.00941390829031278
2015,"Mississippi",0.000356760613628255
2016,"Mississippi",0.000356760613628255
2017,"Mississippi",0.00099601593625498
2018,"Mississippi",0.00051150895140665
2019,"Mississippi",0.000946521533364884
2020,"Mississippi",0.00127496812579686
2021,"Mississippi",0.00114810562571757
2022,"Mississippi",0.00111347302358538
2015,"Missouri",0.00499464859079558
2016,"Missouri",0.00499464859079558
2017,"Missouri",0.00697211155378486
2018,"Missouri",0.00716112531969309
2019,"Missouri",0.00662565073355419
2020,"Missouri",0.00764980875478113
2021,"Missouri",0.00757749712973594
2022,"Missouri",0.00799676080574957
2015,"Montana",0.000713521227256511
2016,"Montana",0.000713521227256511
2017,"Montana",0.00099601593625498
2018,"Montana",0.0010230179028133
2019,"Montana",0.000946521533364884
2020,"Montana",0.000849978750531237
2021,"Montana",0.00160734787600459
2022,"Montana",0.00172082194554105
2015,"Nebraska",0.00107028184088477
2016,"Nebraska",0.00107028184088477
2017,"Nebraska",0.00199203187250996
2018,"Nebraska",0.0020460358056266
2019,"Nebraska",0.00189304306672977
2020,"Nebraska",0.00212494687632809
2021,"Nebraska",0.00206659012629162
2022,"Nebraska",0.00192327158619293
2015,"Nevada",0.00713521227256511
2016,"Nevada",0.00713521227256511
2017,"Nevada",0.0109561752988048
2018,"Nevada",0.010230179028133
2019,"Nevada",0.0132513014671084
2020,"Nevada",0.0131746706332342
2021,"Nevada",0.0146957520091848
2022,"Nevada",0.0156898471505213
2015,"New Hampshire",0.00142704245451302
2016,"New Hampshire",0.00142704245451302
2017,"New Hampshire",0.00199203187250996
2018,"New Hampshire",0.0030690537084399
2019,"New Hampshire",0.00331282536677709
2020,"New Hampshire",0.00339991500212495
2021,"New Hampshire",0.00298507462686567
2022,"New Hampshire",0.00303674460977832
2015,"New Jersey",0.0149839457723867
2016,"New Jersey",0.0149839457723867
2017,"New Jersey",0.0268924302788845
2018,"New Jersey",0.0332480818414322
2019,"New Jersey",0.0321817321344061
2020,"New Jersey",0.0433489162770931
2021,"New Jersey",0.0399540757749713
2022,"New Jersey",0.03968012956777
2015,"New Mexico",0.00178380306814128
2016,"New Mexico",0.00178380306814128
2017,"New Mexico",0.00199203187250996
2018,"New Mexico",0.0030690537084399
2019,"New Mexico",0.00283956460009465
2020,"New Mexico",0.00297492562685933
2021,"New Mexico",0.00367393800229621
2022,"New Mexico",0.00293551978945237
2015,"New York",0.0217623974313236
2016,"New York",0.0217623974313236
2017,"New York",0.0328685258964143
2018,"New York",0.0312020460358056
2019,"New York",0.0354945575011832
2020,"New York",0.0407989800254994
2021,"New York",0.044316877152698
2022,"New York",0.0332017410669096
2015,"North Carolina",0.0103460577952194
2016,"North Carolina",0.0103460577952194
2017,"North Carolina",0.0149402390438247
2018,"North Carolina",0.0148337595907928
2019,"North Carolina",0.020350212967345
2020,"North Carolina",0.0195495112622184
2021,"North Carolina",0.0206659012629162
2022,"North Carolina",0.0206498633464926
2015,"North Dakota",0
2016,"North Dakota",0
2017,"North Dakota",0.00099601593625498
2018,"North Dakota",0
2019,"North Dakota",0.000473260766682442
2020,"North Dakota",0
2021,"North Dakota",0.000459242250287026
2022,"North Dakota",0.000202449640651888
2015,"Ohio",0.00927577595433464
2016,"Ohio",0.00927577595433464
2017,"Ohio",0.0109561752988048
2018,"Ohio",0.0138107416879795
2019,"Ohio",0.0179839091339328
2020,"Ohio",0.0182745431364216
2021,"Ohio",0.0153846153846154
2022,"Ohio",0.0130580018220468
2015,"Oklahoma",0.00214056368176953
2016,"Oklahoma",0.00214056368176953
2017,"Oklahoma",0.00597609561752988
2018,"Oklahoma",0.0127877237851662
2019,"Oklahoma",0
2020,"Oklahoma",0
2021,"Oklahoma",0.00849598163030999
2022,"Oklahoma",0.00931268346998684
2015,"Oregon",0.0274705672493757
2016,"Oregon",0.0274705672493757
2017,"Oregon",0.0229083665338645
2018,"Oregon",0.0194373401534527
2019,"Oregon",0.0236630383341221
2020,"Oregon",0.0169995750106247
2021,"Oregon",0.0172215843857635
2022,"Oregon",0.0169045449944326
2015,"Pennsylvania",0.0114163396361042
2016,"Pennsylvania",0.0114163396361042
2017,"Pennsylvania",0.0119521912350598
2018,"Pennsylvania",0.0184143222506394
2019,"Pennsylvania",0.0189304306672977
2020,"Pennsylvania",0.023374415639609
2021,"Pennsylvania",0.0213547646383467
2022,"Pennsylvania",0.0208523129871444
2015,"Rhode Island",0.00107028184088477
2016,"Rhode Island",0.00107028184088477
2017,"Rhode Island",0.00099601593625498
2018,"Rhode Island",0.00153452685421995
2019,"Rhode Island",0.00189304306672977
2020,"Rhode Island",0.00212494687632809
2021,"Rhode Island",0.00206659012629162
2022,"Rhode Island",0.00182204676586699
2015,"South Carolina",0.00285408490902604
2016,"South Carolina",0.00285408490902604
2017,"South Carolina",0.00398406374501992
2018,"South Carolina",0.0040920716112532
2019,"South Carolina",0.00473260766682442
2020,"South Carolina",0.00594985125371866
2021,"South Carolina",0.0068886337543054
2022,"South Carolina",0.00617471403988258
2015,"South Dakota",0.000356760613628255
2016,"South Dakota",0.000356760613628255
2017,"South Dakota",0
2018,"South Dakota",0.00051150895140665
2019,"South Dakota",0.000473260766682442
2020,"South Dakota",0.000424989375265618
2021,"South Dakota",0.00068886337543054
2022,"South Dakota",0.00050612410162972
2015,"Tennessee",0.00927577595433464
2016,"Tennessee",0.00927577595433464
2017,"Tennessee",0.00298804780876494
2018,"Tennessee",0.0051150895140665
2019,"Tennessee",0.00851869380028396
2020,"Tennessee",0.00892477688057799
2021,"Tennessee",0.0101033295063146
2022,"Tennessee",0.0099200323919425
2015,"Texas",0.0424545130217624
2016,"Texas",0.0424545130217624
2017,"Texas",0.0418326693227092
2018,"Texas",0.0429667519181586
2019,"Texas",0.0657832465688594
2020,"Texas",0.0586485337866553
2021,"Texas",0.0659012629161883
2022,"Texas",0.0689341026419678
2015,"Utah",0.00891901534070639
2016,"Utah",0.00891901534070639
2017,"Utah",0.0109561752988048
2018,"Utah",0.010230179028133
2019,"Utah",0.0113582584003786
2020,"Utah",0.0135996600084998
2021,"Utah",0.0121699196326062
2022,"Utah",0.0116408543374836
2015,"Vermont",0.00107028184088477
2016,"Vermont",0.00107028184088477
2017,"Vermont",0.00398406374501992
2018,"Vermont",0.0020460358056266
2019,"Vermont",0.00283956460009465
2020,"Vermont",0.00212494687632809
2021,"Vermont",0.00275545350172216
2022,"Vermont",0.00192327158619293
2015,"Virginia",0.0110595790224759
2016,"Virginia",0.0110595790224759
2017,"Virginia",0.0199203187250996
2018,"Virginia",0.0245524296675192
2019,"Virginia",0.0241362991008045
2020,"Virginia",0.023374415639609
2021,"Virginia",0.0234213547646383
2022,"Virginia",0.0262172284644195
2015,"Washington",0.0531573314306101
2016,"Washington",0.0531573314306101
2017,"Washington",0.0607569721115538
2018,"Washington",0.0470588235294118
2019,"Washington",0.0482725982016091
2020,"Washington",0.0429239269018275
2021,"Washington",0.0374282433983927
2022,"Washington",0.0377568579815771
2015,"West Virginia",0.000356760613628255
2016,"West Virginia",0.000356760613628255
2017,"West Virginia",0
2018,"West Virginia",0.00051150895140665
2019,"West Virginia",0.000946521533364884
2020,"West Virginia",0.000849978750531237
2021,"West Virginia",0.000918484500574053
2022,"West Virginia",0.000911023382933495
2015,"Wisconsin",0.00927577595433464
2016,"Wisconsin",0.00927577595433464
2017,"Wisconsin",0.00199203187250996
2018,"Wisconsin",0.00460358056265985
2019,"Wisconsin",0.00473260766682442
2020,"Wisconsin",0.00679983000424989
2021,"Wisconsin",0.0068886337543054
2022,"Wisconsin",0.00647838850086041
2015,"Wyoming",0.000356760613628255
2016,"Wyoming",0.000356760613628255
2017,"Wyoming",0
2018,"Wyoming",0.00051150895140665
2019,"Wyoming",0
2020,"Wyoming",0.000424989375265618
2021,"Wyoming",0.000459242250287026
2022,"Wyoming",0.000303674460977832
2023,"Alabama",0.00386135057471264
2024,"Alabama",0.00481065745701576
2025,"Alabama",0.00575996433931889
2026,"Alabama",0.00670927122162201
2027,"Alabama",0.00765857810392513
2028,"Alabama",0.00860788498622825
2029,"Alabama",0.00955719186853137
2030,"Alabama",0.0105064987508345
2031,"Alabama",0.0114558056331376
2032,"Alabama",0.0124051125154407
2033,"Alabama",0.0133544193977439
2034,"Alabama",0.014303726280047
2035,"Alabama",0.0152530331623501
2036,"Alabama",0.0152530331623501
2037,"Alabama",0.0152530331623501
2038,"Alabama",0.0152530331623501
2039,"Alabama",0.0152530331623501
2040,"Alabama",0.0152530331623501
2041,"Alabama",0.0152530331623501
2042,"Alabama",0.0152530331623501
2043,"Alabama",0.0152530331623501
2044,"Alabama",0.0152530331623501
2045,"Alabama",0.0152530331623501
2046,"Alabama",0.0152530331623501
2047,"Alabama",0.0152530331623501
2048,"Alabama",0.0152530331623501
2049,"Alabama",0.0152530331623501
2050,"Alabama",0.0152530331623501
2023,"Alaska",0.000628591954022988
2024,"Alaska",0.000758694954199731
2025,"Alaska",0.000888797954376474
2026,"Alaska",0.00101890095455322
2027,"Alaska",0.00114900395472996
2028,"Alaska",0.0012791069549067
2029,"Alaska",0.00140920995508345
2030,"Alaska",0.00153931295526019
2031,"Alaska",0.00166941595543693
2032,"Alaska",0.00179951895561367
2033,"Alaska",0.00192962195579042
2034,"Alaska",0.00205972495596716
2035,"Alaska",0.0021898279561439
2036,"Alaska",0.0021898279561439
2037,"Alaska",0.0021898279561439
2038,"Alaska",0.0021898279561439
2039,"Alaska",0.0021898279561439
2040,"Alaska",0.0021898279561439
2041,"Alaska",0.0021898279561439
2042,"Alaska",0.0021898279561439
2043,"Alaska",0.0021898279561439
2044,"Alaska",0.0021898279561439
2045,"Alaska",0.0021898279561439
2046,"Alaska",0.0021898279561439
2047,"Alaska",0.0021898279561439
2048,"Alaska",0.0021898279561439
2049,"Alaska",0.0021898279561439
2050,"Alaska",0.0021898279561439
2023,"Arizona",0.021551724137931
2024,"Arizona",0.0216048099060025
2025,"Arizona",0.021657895674074
2026,"Arizona",0.0217109814421455
2027,"Arizona",0.021764067210217
2028,"Arizona",0.0218171529782884
2029,"Arizona",0.0218702387463599
2030,"Arizona",0.0219233245144314
2031,"Arizona",0.0219764102825029
2032,"Arizona",0.0220294960505744
2033,"Arizona",0.0220825818186459
2034,"Arizona",0.0221356675867173
2035,"Arizona",0.0221887533547888
2036,"Arizona",0.0221887533547888
2037,"Arizona",0.0221887533547888
2038,"Arizona",0.0221887533547888
2039,"Arizona",0.0221887533547888
2040,"Arizona",0.0221887533547888
2041,"Arizona",0.0221887533547888
2042,"Arizona",0.0221887533547888
2043,"Arizona",0.0221887533547888
2044,"Arizona",0.0221887533547888
2045,"Arizona",0.0221887533547888
2046,"Arizona",0.0221887533547888
2047,"Arizona",0.0221887533547888
2048,"Arizona",0.0221887533547888
2049,"Arizona",0.0221887533547888
2050,"Arizona",0.0221887533547888
2023,"Arkansas",0.00179597701149425
2024,"Arkansas",0.0024096235887272
2025,"Arkansas",0.00302327016596015
2026,"Arkansas",0.0036369167431931
2027,"Arkansas",0.00425056332042605
2028,"Arkansas",0.004864209897659
2029,"Arkansas",0.00547785647489194
2030,"Arkansas",0.00609150305212489
2031,"Arkansas",0.00670514962935784
2032,"Arkansas",0.00731879620659079
2033,"Arkansas",0.00793244278382374
2034,"Arkansas",0.00854608936105669
2035,"Arkansas",0.00915973593828964
2036,"Arkansas",0.00915973593828964
2037,"Arkansas",0.00915973593828964
2038,"Arkansas",0.00915973593828964
2039,"Arkansas",0.00915973593828964
2040,"Arkansas",0.00915973593828964
2041,"Arkansas",0.00915973593828964
2042,"Arkansas",0.00915973593828964
2043,"Arkansas",0.00915973593828964
2044,"Arkansas",0.00915973593828964
2045,"Arkansas",0.00915973593828964
2046,"Arkansas",0.00915973593828964
2047,"Arkansas",0.00915973593828964
2048,"Arkansas",0.00915973593828964
2049,"Arkansas",0.00915973593828964
2050,"Arkansas",0.00915973593828964
2023,"California",0.316989942528736
2024,"California",0.300269411103862
2025,"California",0.283548879678989
2026,"California",0.266828348254116
2027,"California",0.250107816829243
2028,"California",0.233387285404369
2029,"California",0.216666753979496
2030,"California",0.199946222554623
2031,"California",0.18322569112975
2032,"California",0.166505159704876
2033,"California",0.149784628280003
2034,"California",0.13306409685513
2035,"California",0.116343565430257
2036,"California",0.116343565430257
2037,"California",0.116343565430257
2038,"California",0.116343565430257
2039,"California",0.116343565430257
2040,"California",0.116343565430257
2041,"California",0.116343565430257
2042,"California",0.116343565430257
2043,"California",0.116343565430257
2044,"California",0.116343565430257
2045,"California",0.116343565430257
2046,"California",0.116343565430257
2047,"California",0.116343565430257
2048,"California",0.116343565430257
2049,"California",0.116343565430257
2050,"California",0.116343565430257
2023,"Colorado",0.0271192528735632
2024,"Colorado",0.0263217787051311
2025,"Colorado",0.025524304536699
2026,"Colorado",0.0247268303682669
2027,"Colorado",0.0239293561998347
2028,"Colorado",0.0231318820314026
2029,"Colorado",0.0223344078629705
2030,"Colorado",0.0215369336945384
2031,"Colorado",0.0207394595261063
2032,"Colorado",0.0199419853576741
2033,"Colorado",0.019144511189242
2034,"Colorado",0.0183470370208099
2035,"Colorado",0.0175495628523778
2036,"Colorado",0.0175495628523778
2037,"Colorado",0.0175495628523778
2038,"Colorado",0.0175495628523778
2039,"Colorado",0.0175495628523778
2040,"Colorado",0.0175495628523778
2041,"Colorado",0.0175495628523778
2042,"Colorado",0.0175495628523778
2043,"Colorado",0.0175495628523778
2044,"Colorado",0.0175495628523778
2045,"Colorado",0.0175495628523778
2046,"Colorado",0.0175495628523778
2047,"Colorado",0.0175495628523778
2048,"Colorado",0.0175495628523778
2049,"Colorado",0.0175495628523778
2050,"Colorado",0.0175495628523778
2023,"Connecticut",0.00862068965517241
2024,"Connecticut",0.00880232252176238
2025,"Connecticut",0.00898395538835235
2026,"Connecticut",0.00916558825494232
2027,"Connecticut",0.00934722112153229
2028,"Connecticut",0.00952885398812226
2029,"Connecticut",0.00971048685471223
2030,"Connecticut",0.0098921197213022
2031,"Connecticut",0.0100737525878922
2032,"Connecticut",0.0102553854544821
2033,"Connecticut",0.0104370183210721
2034,"Connecticut",0.0106186511876621
2035,"Connecticut",0.0108002840542521
2036,"Connecticut",0.0108002840542521
2037,"Connecticut",0.0108002840542521
2038,"Connecticut",0.0108002840542521
2039,"Connecticut",0.0108002840542521
2040,"Connecticut",0.0108002840542521
2041,"Connecticut",0.0108002840542521
2042,"Connecticut",0.0108002840542521
2043,"Connecticut",0.0108002840542521
2044,"Connecticut",0.0108002840542521
2045,"Connecticut",0.0108002840542521
2046,"Connecticut",0.0108002840542521
2047,"Connecticut",0.0108002840542521
2048,"Connecticut",0.0108002840542521
2049,"Connecticut",0.0108002840542521
2050,"Connecticut",0.0108002840542521
2023,"Delaware",0.00269396551724138
2024,"Delaware",0.00272622267261501
2025,"Delaware",0.00275847982798863
2026,"Delaware",0.00279073698336226
2027,"Delaware",0.00282299413873589
2028,"Delaware",0.00285525129410951
2029,"Delaware",0.00288750844948314
2030,"Delaware",0.00291976560485677
2031,"Delaware",0.00295202276023039
2032,"Delaware",0.00298427991560402
2033,"Delaware",0.00301653707097765
2034,"Delaware",0.00304879422635127
2035,"Delaware",0.0030810513817249
2036,"Delaware",0.0030810513817249
2037,"Delaware",0.0030810513817249
2038,"Delaware",0.0030810513817249
2039,"Delaware",0.0030810513817249
2040,"Delaware",0.0030810513817249
2041,"Delaware",0.0030810513817249
2042,"Delaware",0.0030810513817249
2043,"Delaware",0.0030810513817249
2044,"Delaware",0.0030810513817249
2045,"Delaware",0.0030810513817249
2046,"Delaware",0.0030810513817249
2047,"Delaware",0.0030810513817249
2048,"Delaware",0.0030810513817249
2049,"Delaware",0.0030810513817249
2050,"Delaware",0.0030810513817249
2023,"District of Columbia",0.00197557471264368
2024,"District of Columbia",0.00197988491273951
2025,"District of Columbia",0.00198419511283534
2026,"District of Columbia",0.00198850531293117
2027,"District of Columbia",0.001992815513027
2028,"District of Columbia",0.00199712571312283
2029,"District of Columbia",0.00200143591321866
2030,"District of Columbia",0.00200574611331449
2031,"District of Columbia",0.00201005631341032
2032,"District of Columbia",0.00201436651350615
2033,"District of Columbia",0.00201867671360198
2034,"District of Columbia",0.00202298691369781
2035,"District of Columbia",0.00202729711379364
2036,"District of Columbia",0.00202729711379364
2037,"District of Columbia",0.00202729711379364
2038,"District of Columbia",0.00202729711379364
2039,"District of Columbia",0.00202729711379364
2040,"District of Columbia",0.00202729711379364
2041,"District of Columbia",0.00202729711379364
2042,"District of Columbia",0.00202729711379364
2043,"District of Columbia",0.00202729711379364
2044,"District of Columbia",0.00202729711379364
2045,"District of Columbia",0.00202729711379364
2046,"District of Columbia",0.00202729711379364
2047,"District of Columbia",0.00202729711379364
2048,"District of Columbia",0.00202729711379364
2049,"District of Columbia",0.00202729711379364
2050,"District of Columbia",0.00202729711379364
2023,"Florida",0.0780352011494253
2024,"Florida",0.0771582556796258
2025,"Florida",0.0762813102098262
2026,"Florida",0.0754043647400267
2027,"Florida",0.0745274192702271
2028,"Florida",0.0736504738004276
2029,"Florida",0.0727735283306281
2030,"Florida",0.0718965828608285
2031,"Florida",0.071019637391029
2032,"Florida",0.0701426919212295
2033,"Florida",0.0692657464514299
2034,"Florida",0.0683888009816304
2035,"Florida",0.0675118555118309
2036,"Florida",0.0675118555118309
2037,"Florida",0.0675118555118309
2038,"Florida",0.0675118555118309
2039,"Florida",0.0675118555118309
2040,"Florida",0.0675118555118309
2041,"Florida",0.0675118555118309
2042,"Florida",0.0675118555118309
2043,"Florida",0.0675118555118309
2044,"Florida",0.0675118555118309
2045,"Florida",0.0675118555118309
2046,"Florida",0.0675118555118309
2047,"Florida",0.0675118555118309
2048,"Florida",0.0675118555118309
2049,"Florida",0.0675118555118309
2050,"Florida",0.0675118555118309
2023,"Georgia",0.0290050287356322
2024,"Georgia",0.0293322289851497
2025,"Georgia",0.0296594292346673
2026,"Georgia",0.0299866294841849
2027,"Georgia",0.0303138297337024
2028,"Georgia",0.03064102998322
2029,"Georgia",0.0309682302327375
2030,"Georgia",0.0312954304822551
2031,"Georgia",0.0316226307317727
2032,"Georgia",0.0319498309812902
2033,"Georgia",0.0322770312308078
2034,"Georgia",0.0326042314803253
2035,"Georgia",0.0329314317298429
2036,"Georgia",0.0329314317298429
2037,"Georgia",0.0329314317298429
2038,"Georgia",0.0329314317298429
2039,"Georgia",0.0329314317298429
2040,"Georgia",0.0329314317298429
2041,"Georgia",0.0329314317298429
2042,"Georgia",0.0329314317298429
2043,"Georgia",0.0329314317298429
2044,"Georgia",0.0329314317298429
2045,"Georgia",0.0329314317298429
2046,"Georgia",0.0329314317298429
2047,"Georgia",0.0329314317298429
2048,"Georgia",0.0329314317298429
2049,"Georgia",0.0329314317298429
2050,"Georgia",0.0329314317298429
2023,"Hawaii",0.00520833333333333
2024,"Hawaii",0.00513139577494796
2025,"Hawaii",0.00505445821656258
2026,"Hawaii",0.00497752065817721
2027,"Hawaii",0.00490058309979183
2028,"Hawaii",0.00482364554140645
2029,"Hawaii",0.00474670798302108
2030,"Hawaii",0.0046697704246357
2031,"Hawaii",0.00459283286625033
2032,"Hawaii",0.00451589530786495
2033,"Hawaii",0.00443895774947958
2034,"Hawaii",0.0043620201910942
2035,"Hawaii",0.00428508263270883
2036,"Hawaii",0.00428508263270883
2037,"Hawaii",0.00428508263270883
2038,"Hawaii",0.00428508263270883
2039,"Hawaii",0.00428508263270883
2040,"Hawaii",0.00428508263270883
2041,"Hawaii",0.00428508263270883
2042,"Hawaii",0.00428508263270883
2043,"Hawaii",0.00428508263270883
2044,"Hawaii",0.00428508263270883
2045,"Hawaii",0.00428508263270883
2046,"Hawaii",0.00428508263270883
2047,"Hawaii",0.00428508263270883
2048,"Hawaii",0.00428508263270883
2049,"Hawaii",0.00428508263270883
2050,"Hawaii",0.00428508263270883
2023,"Idaho",0.00233477011494253
2024,"Idaho",0.0026290679424809
2025,"Idaho",0.00292336577001926
2026,"Idaho",0.00321766359755763
2027,"Idaho",0.003511961425096
2028,"Idaho",0.00380625925263437
2029,"Idaho",0.00410055708017273
2030,"Idaho",0.0043948549077111
2031,"Idaho",0.00468915273524947
2032,"Idaho",0.00498345056278784
2033,"Idaho",0.0052777483903262
2034,"Idaho",0.00557204621786457
2035,"Idaho",0.00586634404540294
2036,"Idaho",0.00586634404540294
2037,"Idaho",0.00586634404540294
2038,"Idaho",0.00586634404540294
2039,"Idaho",0.00586634404540294
2040,"Idaho",0.00586634404540294
2041,"Idaho",0.00586634404540294
2042,"Idaho",0.00586634404540294
2043,"Idaho",0.00586634404540294
2044,"Idaho",0.00586634404540294
2045,"Idaho",0.00586634404540294
2046,"Idaho",0.00586634404540294
2047,"Idaho",0.00586634404540294
2048,"Idaho",0.00586634404540294
2049,"Idaho",0.00586634404540294
2050,"Idaho",0.00586634404540294
2023,"Illinois",0.029364224137931
2024,"Illinois",0.0300398119257103
2025,"Illinois",0.0307153997134895
2026,"Illinois",0.0313909875012687
2027,"Illinois",0.032066575289048
2028,"Illinois",0.0327421630768272
2029,"Illinois",0.0334177508646064
2030,"Illinois",0.0340933386523857
2031,"Illinois",0.0347689264401649
2032,"Illinois",0.0354445142279441
2033,"Illinois",0.0361201020157233
2034,"Illinois",0.0367956898035026
2035,"Illinois",0.0374712775912818
2036,"Illinois",0.0374712775912818
2037,"Illinois",0.0374712775912818
2038,"Illinois",0.0374712775912818
2039,"Illinois",0.0374712775912818
2040,"Illinois",0.0374712775912818
2041,"Illinois",0.0374712775912818
2042,"Illinois",0.0374712775912818
2043,"Illinois",0.0374712775912818
2044,"Illinois",0.0374712775912818
2045,"Illinois",0.0374712775912818
2046,"Illinois",0.0374712775912818
2047,"Illinois",0.0374712775912818
2048,"Illinois",0.0374712775912818
2049,"Illinois",0.0374712775912818
2050,"Illinois",0.0374712775912818
2023,"Indiana",0.00754310344827586
2024,"Indiana",0.00862195993922773
2025,"Indiana",0.00970081643017959
2026,"Indiana",0.0107796729211315
2027,"Indiana",0.0118585294120833
2028,"Indiana",0.0129373859030352
2029,"Indiana",0.0140162423939871
2030,"Indiana",0.0150950988849389
2031,"Indiana",0.0161739553758908
2032,"Indiana",0.0172528118668427
2033,"Indiana",0.0183316683577945
2034,"Indiana",0.0194105248487464
2035,"Indiana",0.0204893813396983
2036,"Indiana",0.0204893813396983
2037,"Indiana",0.0204893813396983
2038,"Indiana",0.0204893813396983
2039,"Indiana",0.0204893813396983
2040,"Indiana",0.0204893813396983
2041,"Indiana",0.0204893813396983
2042,"Indiana",0.0204893813396983
2043,"Indiana",0.0204893813396983
2044,"Indiana",0.0204893813396983
2045,"Indiana",0.0204893813396983
2046,"Indiana",0.0204893813396983
2047,"Indiana",0.0204893813396983
2048,"Indiana",0.0204893813396983
2049,"Indiana",0.0204893813396983
2050,"Indiana",0.0204893813396983
2023,"Iowa",0.00251436781609195
2024,"Iowa",0.00310280207262206
2025,"Iowa",0.00369123632915216
2026,"Iowa",0.00427967058568226
2027,"Iowa",0.00486810484221236
2028,"Iowa",0.00545653909874246
2029,"Iowa",0.00604497335527256
2030,"Iowa",0.00663340761180266
2031,"Iowa",0.00722184186833276
2032,"Iowa",0.00781027612486287
2033,"Iowa",0.00839871038139297
2034,"Iowa",0.00898714463792307
2035,"Iowa",0.00957557889445317
2036,"Iowa",0.00957557889445317
2037,"Iowa",0.00957557889445317
2038,"Iowa",0.00957557889445317
2039,"Iowa",0.00957557889445317
2040,"Iowa",0.00957557889445317
2041,"Iowa",0.00957557889445317
2042,"Iowa",0.00957557889445317
2043,"Iowa",0.00957557889445317
2044,"Iowa",0.00957557889445317
2045,"Iowa",0.00957557889445317
2046,"Iowa",0.00957557889445317
2047,"Iowa",0.00957557889445317
2048,"Iowa",0.00957557889445317
2049,"Iowa",0.00957557889445317
2050,"Iowa",0.00957557889445317
2023,"Kansas",0.00332255747126437
2024,"Kansas",0.00377734266213602
2025,"Kansas",0.00423212785300768
2026,"Kansas",0.00468691304387934
2027,"Kansas",0.00514169823475099
2028,"Kansas",0.00559648342562265
2029,"Kansas",0.00605126861649431
2030,"Kansas",0.00650605380736596
2031,"Kansas",0.00696083899823762
2032,"Kansas",0.00741562418910927
2033,"Kansas",0.00787040937998093
2034,"Kansas",0.00832519457085259
2035,"Kansas",0.00877997976172424
2036,"Kansas",0.00877997976172424
2037,"Kansas",0.00877997976172424
2038,"Kansas",0.00877997976172424
2039,"Kansas",0.00877997976172424
2040,"Kansas",0.00877997976172424
2041,"Kansas",0.00877997976172424
2042,"Kansas",0.00877997976172424
2043,"Kansas",0.00877997976172424
2044,"Kansas",0.00877997976172424
2045,"Kansas",0.00877997976172424
2046,"Kansas",0.00877997976172424
2047,"Kansas",0.00877997976172424
2048,"Kansas",0.00877997976172424
2049,"Kansas",0.00877997976172424
2050,"Kansas",0.00877997976172424
2023,"Kentucky",0.00359195402298851
2024,"Kentucky",0.00441881958026836
2025,"Kentucky",0.00524568513754821
2026,"Kentucky",0.00607255069482806
2027,"Kentucky",0.00689941625210791
2028,"Kentucky",0.00772628180938777
2029,"Kentucky",0.00855314736666762
2030,"Kentucky",0.00938001292394747
2031,"Kentucky",0.0102068784812273
2032,"Kentucky",0.0110337440385072
2033,"Kentucky",0.011860609595787
2034,"Kentucky",0.0126874751530669
2035,"Kentucky",0.0135143407103467
2036,"Kentucky",0.0135143407103467
2037,"Kentucky",0.0135143407103467
2038,"Kentucky",0.0135143407103467
2039,"Kentucky",0.0135143407103467
2040,"Kentucky",0.0135143407103467
2041,"Kentucky",0.0135143407103467
2042,"Kentucky",0.0135143407103467
2043,"Kentucky",0.0135143407103467
2044,"Kentucky",0.0135143407103467
2045,"Kentucky",0.0135143407103467
2046,"Kentucky",0.0135143407103467
2047,"Kentucky",0.0135143407103467
2048,"Kentucky",0.0135143407103467
2049,"Kentucky",0.0135143407103467
2050,"Kentucky",0.0135143407103467
2023,"Louisiana",0.00206537356321839
2024,"Louisiana",0.00303129671959193
2025,"Louisiana",0.00399721987596546
2026,"Louisiana",0.004963143032339
2027,"Louisiana",0.00592906618871254
2028,"Louisiana",0.00689498934508607
2029,"Louisiana",0.00786091250145961
2030,"Louisiana",0.00882683565783314
2031,"Louisiana",0.00979275881420668
2032,"Louisiana",0.0107586819705802
2033,"Louisiana",0.0117246051269538
2034,"Louisiana",0.0126905282833273
2035,"Louisiana",0.0136564514397008
2036,"Louisiana",0.0136564514397008
2037,"Louisiana",0.0136564514397008
2038,"Louisiana",0.0136564514397008
2039,"Louisiana",0.0136564514397008
2040,"Louisiana",0.0136564514397008
2041,"Louisiana",0.0136564514397008
2042,"Louisiana",0.0136564514397008
2043,"Louisiana",0.0136564514397008
2044,"Louisiana",0.0136564514397008
2045,"Louisiana",0.0136564514397008
2046,"Louisiana",0.0136564514397008
2047,"Louisiana",0.0136564514397008
2048,"Louisiana",0.0136564514397008
2049,"Louisiana",0.0136564514397008
2050,"Louisiana",0.0136564514397008
2023,"Maine",0.0021551724137931
2024,"Maine",0.00232285746537603
2025,"Maine",0.00249054251695896
2026,"Maine",0.00265822756854188
2027,"Maine",0.00282591262012481
2028,"Maine",0.00299359767170774
2029,"Maine",0.00316128272329066
2030,"Maine",0.00332896777487359
2031,"Maine",0.00349665282645652
2032,"Maine",0.00366433787803945
2033,"Maine",0.00383202292962237
2034,"Maine",0.0039997079812053
2035,"Maine",0.00416739303278823
2036,"Maine",0.00416739303278823
2037,"Maine",0.00416739303278823
2038,"Maine",0.00416739303278823
2039,"Maine",0.00416739303278823
2040,"Maine",0.00416739303278823
2041,"Maine",0.00416739303278823
2042,"Maine",0.00416739303278823
2043,"Maine",0.00416739303278823
2044,"Maine",0.00416739303278823
2045,"Maine",0.00416739303278823
2046,"Maine",0.00416739303278823
2047,"Maine",0.00416739303278823
2048,"Maine",0.00416739303278823
2049,"Maine",0.00416739303278823
2050,"Maine",0.00416739303278823
2023,"Maryland",0.0233477011494253
2024,"Maryland",0.0229398264168132
2025,"Maryland",0.0225319516842011
2026,"Maryland",0.022124076951589
2027,"Maryland",0.021716202218977
2028,"Maryland",0.0213083274863649
2029,"Maryland",0.0209004527537528
2030,"Maryland",0.0204925780211407
2031,"Maryland",0.0200847032885286
2032,"Maryland",0.0196768285559165
2033,"Maryland",0.0192689538233045
2034,"Maryland",0.0188610790906924
2035,"Maryland",0.0184532043580803
2036,"Maryland",0.0184532043580803
2037,"Maryland",0.0184532043580803
2038,"Maryland",0.0184532043580803
2039,"Maryland",0.0184532043580803
2040,"Maryland",0.0184532043580803
2041,"Maryland",0.0184532043580803
2042,"Maryland",0.0184532043580803
2043,"Maryland",0.0184532043580803
2044,"Maryland",0.0184532043580803
2045,"Maryland",0.0184532043580803
2046,"Maryland",0.0184532043580803
2047,"Maryland",0.0184532043580803
2048,"Maryland",0.0184532043580803
2049,"Maryland",0.0184532043580803
2050,"Maryland",0.0184532043580803
2023,"Massachusetts",0.0219109195402299
2024,"Massachusetts",0.0218270936882002
2025,"Massachusetts",0.0217432678361706
2026,"Massachusetts",0.0216594419841409
2027,"Massachusetts",0.0215756161321113
2028,"Massachusetts",0.0214917902800816
2029,"Massachusetts",0.021407964428052
2030,"Massachusetts",0.0213241385760224
2031,"Massachusetts",0.0212403127239927
2032,"Massachusetts",0.0211564868719631
2033,"Massachusetts",0.0210726610199334
2034,"Massachusetts",0.0209888351679038
2035,"Massachusetts",0.0209050093158741
2036,"Massachusetts",0.0209050093158741
2037,"Massachusetts",0.0209050093158741
2038,"Massachusetts",0.0209050093158741
2039,"Massachusetts",0.0209050093158741
2040,"Massachusetts",0.0209050093158741
2041,"Massachusetts",0.0209050093158741
2042,"Massachusetts",0.0209050093158741
2043,"Massachusetts",0.0209050093158741
2044,"Massachusetts",0.0209050093158741
2045,"Massachusetts",0.0209050093158741
2046,"Massachusetts",0.0209050093158741
2047,"Massachusetts",0.0209050093158741
2048,"Massachusetts",0.0209050093158741
2049,"Massachusetts",0.0209050093158741
2050,"Massachusetts",0.0209050093158741
2023,"Michigan",0.0154454022988506
2024,"Michigan",0.0166557510032201
2025,"Michigan",0.0178660997075896
2026,"Michigan",0.0190764484119592
2027,"Michigan",0.0202867971163287
2028,"Michigan",0.0214971458206982
2029,"Michigan",0.0227074945250678
2030,"Michigan",0.0239178432294373
2031,"Michigan",0.0251281919338068
2032,"Michigan",0.0263385406381764
2033,"Michigan",0.0275488893425459
2034,"Michigan",0.0287592380469154
2035,"Michigan",0.029969586751285
2036,"Michigan",0.029969586751285
2037,"Michigan",0.029969586751285
2038,"Michigan",0.029969586751285
2039,"Michigan",0.029969586751285
2040,"Michigan",0.029969586751285
2041,"Michigan",0.029969586751285
2042,"Michigan",0.029969586751285
2043,"Michigan",0.029969586751285
2044,"Michigan",0.029969586751285
2045,"Michigan",0.029969586751285
2046,"Michigan",0.029969586751285
2047,"Michigan",0.029969586751285
2048,"Michigan",0.029969586751285
2049,"Michigan",0.029969586751285
2050,"Michigan",0.029969586751285
2023,"Minnesota",0.0114942528735632
2024,"Minnesota",0.0119641032081652
2025,"Minnesota",0.0124339535427671
2026,"Minnesota",0.0129038038773691
2027,"Minnesota",0.013373654211971
2028,"Minnesota",0.013843504546573
2029,"Minnesota",0.0143133548811749
2030,"Minnesota",0.0147832052157769
2031,"Minnesota",0.0152530555503788
2032,"Minnesota",0.0157229058849808
2033,"Minnesota",0.0161927562195827
2034,"Minnesota",0.0166626065541847
2035,"Minnesota",0.0171324568887866
2036,"Minnesota",0.0171324568887866
2037,"Minnesota",0.0171324568887866
2038,"Minnesota",0.0171324568887866
2039,"Minnesota",0.0171324568887866
2040,"Minnesota",0.0171324568887866
2041,"Minnesota",0.0171324568887866
2042,"Minnesota",0.0171324568887866
2043,"Minnesota",0.0171324568887866
2044,"Minnesota",0.0171324568887866
2045,"Minnesota",0.0171324568887866
2046,"Minnesota",0.0171324568887866
2047,"Minnesota",0.0171324568887866
2048,"Minnesota",0.0171324568887866
2049,"Minnesota",0.0171324568887866
2050,"Minnesota",0.0171324568887866
2023,"Mississippi",0.00107758620689655
2024,"Mississippi",0.00171923934703329
2025,"Mississippi",0.00236089248717003
2026,"Mississippi",0.00300254562730677
2027,"Mississippi",0.00364419876744351
2028,"Mississippi",0.00428585190758024
2029,"Mississippi",0.00492750504771698
2030,"Mississippi",0.00556915818785372
2031,"Mississippi",0.00621081132799046
2032,"Mississippi",0.0068524644681272
2033,"Mississippi",0.00749411760826394
2034,"Mississippi",0.00813577074840068
2035,"Mississippi",0.00877742388853741
2036,"Mississippi",0.00877742388853741
2037,"Mississippi",0.00877742388853741
2038,"Mississippi",0.00877742388853741
2039,"Mississippi",0.00877742388853741
2040,"Mississippi",0.00877742388853741
2041,"Mississippi",0.00877742388853741
2042,"Mississippi",0.00877742388853741
2043,"Mississippi",0.00877742388853741
2044,"Mississippi",0.00877742388853741
2045,"Mississippi",0.00877742388853741
2046,"Mississippi",0.00877742388853741
2047,"Mississippi",0.00877742388853741
2048,"Mississippi",0.00877742388853741
2049,"Mississippi",0.00877742388853741
2050,"Mississippi",0.00877742388853741
2023,"Missouri",0.00808189655172414
2024,"Missouri",0.008950129177652
2025,"Missouri",0.00981836180357986
2026,"Missouri",0.0106865944295077
2027,"Missouri",0.0115548270554356
2028,"Missouri",0.0124230596813634
2029,"Missouri",0.0132912923072913
2030,"Missouri",0.0141595249332192
2031,"Missouri",0.015027757559147
2032,"Missouri",0.0158959901850749
2033,"Missouri",0.0167642228110028
2034,"Missouri",0.0176324554369306
2035,"Missouri",0.0185006880628585
2036,"Missouri",0.0185006880628585
2037,"Missouri",0.0185006880628585
2038,"Missouri",0.0185006880628585
2039,"Missouri",0.0185006880628585
2040,"Missouri",0.0185006880628585
2041,"Missouri",0.0185006880628585
2042,"Missouri",0.0185006880628585
2043,"Missouri",0.0185006880628585
2044,"Missouri",0.0185006880628585
2045,"Missouri",0.0185006880628585
2046,"Missouri",0.0185006880628585
2047,"Missouri",0.0185006880628585
2048,"Missouri",0.0185006880628585
2049,"Missouri",0.0185006880628585
2050,"Missouri",0.0185006880628585
2023,"Montana",0.00116738505747126
2024,"Montana",0.00135196860569189
2025,"Montana",0.00153655215391251
2026,"Montana",0.00172113570213313
2027,"Montana",0.00190571925035375
2028,"Montana",0.00209030279857437
2029,"Montana",0.00227488634679499
2030,"Montana",0.00245946989501561
2031,"Montana",0.00264405344323624
2032,"Montana",0.00282863699145686
2033,"Montana",0.00301322053967748
2034,"Montana",0.0031978040878981
2035,"Montana",0.00338238763611872
2036,"Montana",0.00338238763611872
2037,"Montana",0.00338238763611872
2038,"Montana",0.00338238763611872
2039,"Montana",0.00338238763611872
2040,"Montana",0.00338238763611872
2041,"Montana",0.00338238763611872
2042,"Montana",0.00338238763611872
2043,"Montana",0.00338238763611872
2044,"Montana",0.00338238763611872
2045,"Montana",0.00338238763611872
2046,"Montana",0.00338238763611872
2047,"Montana",0.00338238763611872
2048,"Montana",0.00338238763611872
2049,"Montana",0.00338238763611872
2050,"Montana",0.00338238763611872
2023,"Nebraska",0.00206537356321839
2024,"Nebraska",0.00238551823508071
2025,"Nebraska",0.00270566290694303
2026,"Nebraska",0.00302580757880535
2027,"Nebraska",0.00334595225066767
2028,"Nebraska",0.00366609692252999
2029,"Nebraska",0.00398624159439231
2030,"Nebraska",0.00430638626625462
2031,"Nebraska",0.00462653093811694
2032,"Nebraska",0.00494667560997926
2033,"Nebraska",0.00526682028184158
2034,"Nebraska",0.0055869649537039
2035,"Nebraska",0.00590710962556622
2036,"Nebraska",0.00590710962556622
2037,"Nebraska",0.00590710962556622
2038,"Nebraska",0.00590710962556622
2039,"Nebraska",0.00590710962556622
2040,"Nebraska",0.00590710962556622
2041,"Nebraska",0.00590710962556622
2042,"Nebraska",0.00590710962556622
2043,"Nebraska",0.00590710962556622
2044,"Nebraska",0.00590710962556622
2045,"Nebraska",0.00590710962556622
2046,"Nebraska",0.00590710962556622
2047,"Nebraska",0.00590710962556622
2048,"Nebraska",0.00590710962556622
2049,"Nebraska",0.00590710962556622
2050,"Nebraska",0.00590710962556622
2023,"Nevada",0.0130208333333333
2024,"Nevada",0.0127305369411096
2025,"Nevada",0.0124402405488859
2026,"Nevada",0.0121499441566622
2027,"Nevada",0.0118596477644385
2028,"Nevada",0.0115693513722147
2029,"Nevada",0.011279054979991
2030,"Nevada",0.0109887585877673
2031,"Nevada",0.0106984621955436
2032,"Nevada",0.0104081658033199
2033,"Nevada",0.0101178694110961
2034,"Nevada",0.00982757301887241
2035,"Nevada",0.00953727662664869
2036,"Nevada",0.00953727662664869
2037,"Nevada",0.00953727662664869
2038,"Nevada",0.00953727662664869
2039,"Nevada",0.00953727662664869
2040,"Nevada",0.00953727662664869
2041,"Nevada",0.00953727662664869
2042,"Nevada",0.00953727662664869
2043,"Nevada",0.00953727662664869
2044,"Nevada",0.00953727662664869
2045,"Nevada",0.00953727662664869
2046,"Nevada",0.00953727662664869
2047,"Nevada",0.00953727662664869
2048,"Nevada",0.00953727662664869
2049,"Nevada",0.00953727662664869
2050,"Nevada",0.00953727662664869
2023,"New Hampshire",0.00260416666666667
2024,"New Hampshire",0.00273601105514204
2025,"New Hampshire",0.00286785544361742
2026,"New Hampshire",0.00299969983209279
2027,"New Hampshire",0.00313154422056817
2028,"New Hampshire",0.00326338860904354
2029,"New Hampshire",0.00339523299751892
2030,"New Hampshire",0.00352707738599429
2031,"New Hampshire",0.00365892177446967
2032,"New Hampshire",0.00379076616294504
2033,"New Hampshire",0.00392261055142042
2034,"New Hampshire",0.00405445493989579
2035,"New Hampshire",0.00418629932837117
2036,"New Hampshire",0.00418629932837117
2037,"New Hampshire",0.00418629932837117
2038,"New Hampshire",0.00418629932837117
2039,"New Hampshire",0.00418629932837117
2040,"New Hampshire",0.00418629932837117
2041,"New Hampshire",0.00418629932837117
2042,"New Hampshire",0.00418629932837117
2043,"New Hampshire",0.00418629932837117
2044,"New Hampshire",0.00418629932837117
2045,"New Hampshire",0.00418629932837117
2046,"New Hampshire",0.00418629932837117
2047,"New Hampshire",0.00418629932837117
2048,"New Hampshire",0.00418629932837117
2049,"New Hampshire",0.00418629932837117
2050,"New Hampshire",0.00418629932837117
2023,"New Jersey",0.0429238505747126
2024,"New Jersey",0.0416586047903506
2025,"New Jersey",0.0403933590059886
2026,"New Jersey",0.0391281132216266
2027,"New Jersey",0.0378628674372646
2028,"New Jersey",0.0365976216529026
2029,"New Jersey",0.0353323758685405
2030,"New Jersey",0.0340671300841785
2031,"New Jersey",0.0328018842998165
2032,"New Jersey",0.0315366385154545
2033,"New Jersey",0.0302713927310925
2034,"New Jersey",0.0290061469467304
2035,"New Jersey",0.0277409011623684
2036,"New Jersey",0.0277409011623684
2037,"New Jersey",0.0277409011623684
2038,"New Jersey",0.0277409011623684
2039,"New Jersey",0.0277409011623684
2040,"New Jersey",0.0277409011623684
2041,"New Jersey",0.0277409011623684
2042,"New Jersey",0.0277409011623684
2043,"New Jersey",0.0277409011623684
2044,"New Jersey",0.0277409011623684
2045,"New Jersey",0.0277409011623684
2046,"New Jersey",0.0277409011623684
2047,"New Jersey",0.0277409011623684
2048,"New Jersey",0.0277409011623684
2049,"New Jersey",0.0277409011623684
2050,"New Jersey",0.0277409011623684
2023,"New Mexico",0.0028735632183908
2024,"New Mexico",0.00316019620427139
2025,"New Mexico",0.00344682919015197
2026,"New Mexico",0.00373346217603255
2027,"New Mexico",0.00402009516191314
2028,"New Mexico",0.00430672814779372
2029,"New Mexico",0.0045933611336743
2030,"New Mexico",0.00487999411955488
2031,"New Mexico",0.00516662710543547
2032,"New Mexico",0.00545326009131605
2033,"New Mexico",0.00573989307719663
2034,"New Mexico",0.00602652606307721
2035,"New Mexico",0.0063131590489578
2036,"New Mexico",0.0063131590489578
2037,"New Mexico",0.0063131590489578
2038,"New Mexico",0.0063131590489578
2039,"New Mexico",0.0063131590489578
2040,"New Mexico",0.0063131590489578
2041,"New Mexico",0.0063131590489578
2042,"New Mexico",0.0063131590489578
2043,"New Mexico",0.0063131590489578
2044,"New Mexico",0.0063131590489578
2045,"New Mexico",0.0063131590489578
2046,"New Mexico",0.0063131590489578
2047,"New Mexico",0.0063131590489578
2048,"New Mexico",0.0063131590489578
2049,"New Mexico",0.0063131590489578
2050,"New Mexico",0.0063131590489578
2023,"New York",0.0418462643678161
2024,"New York",0.0432287744835851
2025,"New York",0.0446112845993541
2026,"New York",0.0459937947151232
2027,"New York",0.0473763048308922
2028,"New York",0.0487588149466612
2029,"New York",0.0501413250624302
2030,"New York",0.0515238351781992
2031,"New York",0.0529063452939683
2032,"New York",0.0542888554097373
2033,"New York",0.0556713655255063
2034,"New York",0.0570538756412753
2035,"New York",0.0584363857570443
2036,"New York",0.0584363857570443
2037,"New York",0.0584363857570443
2038,"New York",0.0584363857570443
2039,"New York",0.0584363857570443
2040,"New York",0.0584363857570443
2041,"New York",0.0584363857570443
2042,"New York",0.0584363857570443
2043,"New York",0.0584363857570443
2044,"New York",0.0584363857570443
2045,"New York",0.0584363857570443
2046,"New York",0.0584363857570443
2047,"New York",0.0584363857570443
2048,"New York",0.0584363857570443
2049,"New York",0.0584363857570443
2050,"New York",0.0584363857570443
2023,"North Carolina",0.0220905172413793
2024,"North Carolina",0.0229457215009589
2025,"North Carolina",0.0238009257605385
2026,"North Carolina",0.024656130020118
2027,"North Carolina",0.0255113342796976
2028,"North Carolina",0.0263665385392772
2029,"North Carolina",0.0272217427988568
2030,"North Carolina",0.0280769470584363
2031,"North Carolina",0.0289321513180159
2032,"North Carolina",0.0297873555775955
2033,"North Carolina",0.0306425598371751
2034,"North Carolina",0.0314977640967547
2035,"North Carolina",0.0323529683563342
2036,"North Carolina",0.0323529683563342
2037,"North Carolina",0.0323529683563342
2038,"North Carolina",0.0323529683563342
2039,"North Carolina",0.0323529683563342
2040,"North Carolina",0.0323529683563342
2041,"North Carolina",0.0323529683563342
2042,"North Carolina",0.0323529683563342
2043,"North Carolina",0.0323529683563342
2044,"North Carolina",0.0323529683563342
2045,"North Carolina",0.0323529683563342
2046,"North Carolina",0.0323529683563342
2047,"North Carolina",0.0323529683563342
2048,"North Carolina",0.0323529683563342
2049,"North Carolina",0.0323529683563342
2050,"North Carolina",0.0323529683563342
2023,"North Dakota",0.000359195402298851
2024,"North Dakota",0.000524318472732062
2025,"North Dakota",0.000689441543165273
2026,"North Dakota",0.000854564613598484
2027,"North Dakota",0.00101968768403169
2028,"North Dakota",0.00118481075446491
2029,"North Dakota",0.00134993382489812
2030,"North Dakota",0.00151505689533133
2031,"North Dakota",0.00168017996576454
2032,"North Dakota",0.00184530303619775
2033,"North Dakota",0.00201042610663096
2034,"North Dakota",0.00217554917706417
2035,"North Dakota",0.00234067224749738
2036,"North Dakota",0.00234067224749738
2037,"North Dakota",0.00234067224749738
2038,"North Dakota",0.00234067224749738
2039,"North Dakota",0.00234067224749738
2040,"North Dakota",0.00234067224749738
2041,"North Dakota",0.00234067224749738
2042,"North Dakota",0.00234067224749738
2043,"North Dakota",0.00234067224749738
2044,"North Dakota",0.00234067224749738
2045,"North Dakota",0.00234067224749738
2046,"North Dakota",0.00234067224749738
2047,"North Dakota",0.00234067224749738
2048,"North Dakota",0.00234067224749738
2049,"North Dakota",0.00234067224749738
2050,"North Dakota",0.00234067224749738
2023,"Ohio",0.0146372126436782
2024,"Ohio",0.0163500145542326
2025,"Ohio",0.0180628164647871
2026,"Ohio",0.0197756183753416
2027,"Ohio",0.0214884202858961
2028,"Ohio",0.0232012221964506
2029,"Ohio",0.0249140241070051
2030,"Ohio",0.0266268260175596
2031,"Ohio",0.028339627928114
2032,"Ohio",0.0300524298386685
2033,"Ohio",0.031765231749223
2034,"Ohio",0.0334780336597775
2035,"Ohio",0.035190835570332
2036,"Ohio",0.035190835570332
2037,"Ohio",0.035190835570332
2038,"Ohio",0.035190835570332
2039,"Ohio",0.035190835570332
2040,"Ohio",0.035190835570332
2041,"Ohio",0.035190835570332
2042,"Ohio",0.035190835570332
2043,"Ohio",0.035190835570332
2044,"Ohio",0.035190835570332
2045,"Ohio",0.035190835570332
2046,"Ohio",0.035190835570332
2047,"Ohio",0.035190835570332
2048,"Ohio",0.035190835570332
2049,"Ohio",0.035190835570332
2050,"Ohio",0.035190835570332
2023,"Oklahoma",0.00583692528735632
2024,"Oklahoma",0.00635918502448104
2025,"Oklahoma",0.00688144476160575
2026,"Oklahoma",0.00740370449873046
2027,"Oklahoma",0.00792596423585518
2028,"Oklahoma",0.00844822397297989
2029,"Oklahoma",0.0089704837101046
2030,"Oklahoma",0.00949274344722932
2031,"Oklahoma",0.010015003184354
2032,"Oklahoma",0.0105372629214787
2033,"Oklahoma",0.0110595226586035
2034,"Oklahoma",0.0115817823957282
2035,"Oklahoma",0.0121040421328529
2036,"Oklahoma",0.0121040421328529
2037,"Oklahoma",0.0121040421328529
2038,"Oklahoma",0.0121040421328529
2039,"Oklahoma",0.0121040421328529
2040,"Oklahoma",0.0121040421328529
2041,"Oklahoma",0.0121040421328529
2042,"Oklahoma",0.0121040421328529
2043,"Oklahoma",0.0121040421328529
2044,"Oklahoma",0.0121040421328529
2045,"Oklahoma",0.0121040421328529
2046,"Oklahoma",0.0121040421328529
2047,"Oklahoma",0.0121040421328529
2048,"Oklahoma",0.0121040421328529
2049,"Oklahoma",0.0121040421328529
2050,"Oklahoma",0.0121040421328529
2023,"Oregon",0.015625
2024,"Oregon",0.0153762583919827
2025,"Oregon",0.0151275167839654
2026,"Oregon",0.0148787751759481
2027,"Oregon",0.0146300335679307
2028,"Oregon",0.0143812919599134
2029,"Oregon",0.0141325503518961
2030,"Oregon",0.0138838087438788
2031,"Oregon",0.0136350671358615
2032,"Oregon",0.0133863255278442
2033,"Oregon",0.0131375839198269
2034,"Oregon",0.0128888423118095
2035,"Oregon",0.0126401007037922
2036,"Oregon",0.0126401007037922
2037,"Oregon",0.0126401007037922
2038,"Oregon",0.0126401007037922
2039,"Oregon",0.0126401007037922
2040,"Oregon",0.0126401007037922
2041,"Oregon",0.0126401007037922
2042,"Oregon",0.0126401007037922
2043,"Oregon",0.0126401007037922
2044,"Oregon",0.0126401007037922
2045,"Oregon",0.0126401007037922
2046,"Oregon",0.0126401007037922
2047,"Oregon",0.0126401007037922
2048,"Oregon",0.0126401007037922
2049,"Oregon",0.0126401007037922
2050,"Oregon",0.0126401007037922
2023,"Pennsylvania",0.0204741379310345
2024,"Pennsylvania",0.0219930783483735
2025,"Pennsylvania",0.0235120187657124
2026,"Pennsylvania",0.0250309591830514
2027,"Pennsylvania",0.0265498996003904
2028,"Pennsylvania",0.0280688400177294
2029,"Pennsylvania",0.0295877804350683
2030,"Pennsylvania",0.0311067208524073
2031,"Pennsylvania",0.0326256612697463
2032,"Pennsylvania",0.0341446016870853
2033,"Pennsylvania",0.0356635421044242
2034,"Pennsylvania",0.0371824825217632
2035,"Pennsylvania",0.0387014229391022
2036,"Pennsylvania",0.0387014229391022
2037,"Pennsylvania",0.0387014229391022
2038,"Pennsylvania",0.0387014229391022
2039,"Pennsylvania",0.0387014229391022
2040,"Pennsylvania",0.0387014229391022
2041,"Pennsylvania",0.0387014229391022
2042,"Pennsylvania",0.0387014229391022
2043,"Pennsylvania",0.0387014229391022
2044,"Pennsylvania",0.0387014229391022
2045,"Pennsylvania",0.0387014229391022
2046,"Pennsylvania",0.0387014229391022
2047,"Pennsylvania",0.0387014229391022
2048,"Pennsylvania",0.0387014229391022
2049,"Pennsylvania",0.0387014229391022
2050,"Pennsylvania",0.0387014229391022
2023,"Rhode Island",0.00188577586206897
2024,"Rhode Island",0.00200132451390424
2025,"Rhode Island",0.00211687316573952
2026,"Rhode Island",0.00223242181757479
2027,"Rhode Island",0.00234797046941007
2028,"Rhode Island",0.00246351912124535
2029,"Rhode Island",0.00257906777308062
2030,"Rhode Island",0.0026946164249159
2031,"Rhode Island",0.00281016507675118
2032,"Rhode Island",0.00292571372858645
2033,"Rhode Island",0.00304126238042173
2034,"Rhode Island",0.00315681103225701
2035,"Rhode Island",0.00327235968409228
2036,"Rhode Island",0.00327235968409228
2037,"Rhode Island",0.00327235968409228
2038,"Rhode Island",0.00327235968409228
2039,"Rhode Island",0.00327235968409228
2040,"Rhode Island",0.00327235968409228
2041,"Rhode Island",0.00327235968409228
2042,"Rhode Island",0.00327235968409228
2043,"Rhode Island",0.00327235968409228
2044,"Rhode Island",0.00327235968409228
2045,"Rhode Island",0.00327235968409228
2046,"Rhode Island",0.00327235968409228
2047,"Rhode Island",0.00327235968409228
2048,"Rhode Island",0.00327235968409228
2049,"Rhode Island",0.00327235968409228
2050,"Rhode Island",0.00327235968409228
2023,"South Carolina",0.00664511494252874
2024,"South Carolina",0.00742840025713581
2025,"South Carolina",0.00821168557174289
2026,"South Carolina",0.00899497088634997
2027,"South Carolina",0.00977825620095705
2028,"South Carolina",0.0105615415155641
2029,"South Carolina",0.0113448268301712
2030,"South Carolina",0.0121281121447783
2031,"South Carolina",0.0129113974593854
2032,"South Carolina",0.0136946827739924
2033,"South Carolina",0.0144779680885995
2034,"South Carolina",0.0152612534032066
2035,"South Carolina",0.0160445387178137
2036,"South Carolina",0.0160445387178137
2037,"South Carolina",0.0160445387178137
2038,"South Carolina",0.0160445387178137
2039,"South Carolina",0.0160445387178137
2040,"South Carolina",0.0160445387178137
2041,"South Carolina",0.0160445387178137
2042,"South Carolina",0.0160445387178137
2043,"South Carolina",0.0160445387178137
2044,"South Carolina",0.0160445387178137
2045,"South Carolina",0.0160445387178137
2046,"South Carolina",0.0160445387178137
2047,"South Carolina",0.0160445387178137
2048,"South Carolina",0.0160445387178137
2049,"South Carolina",0.0160445387178137
2050,"South Carolina",0.0160445387178137
2023,"South Dakota",0.000448994252873563
2024,"South Dakota",0.00064032224605007
2025,"South Dakota",0.000831650239226577
2026,"South Dakota",0.00102297823240308
2027,"South Dakota",0.00121430622557959
2028,"South Dakota",0.0014056342187561
2029,"South Dakota",0.00159696221193261
2030,"South Dakota",0.00178829020510911
2031,"South Dakota",0.00197961819828562
2032,"South Dakota",0.00217094619146213
2033,"South Dakota",0.00236227418463863
2034,"South Dakota",0.00255360217781514
2035,"South Dakota",0.00274493017099165
2036,"South Dakota",0.00274493017099165
2037,"South Dakota",0.00274493017099165
2038,"South Dakota",0.00274493017099165
2039,"South Dakota",0.00274493017099165
2040,"South Dakota",0.00274493017099165
2041,"South Dakota",0.00274493017099165
2042,"South Dakota",0.00274493017099165
2043,"South Dakota",0.00274493017099165
2044,"South Dakota",0.00274493017099165
2045,"South Dakota",0.00274493017099165
2046,"South Dakota",0.00274493017099165
2047,"South Dakota",0.00274493017099165
2048,"South Dakota",0.00274493017099165
2049,"South Dakota",0.00274493017099165
2050,"South Dakota",0.00274493017099165
2023,"Tennessee",0.0100574712643678
2024,"Tennessee",0.0109925575911815
2025,"Tennessee",0.0119276439179951
2026,"Tennessee",0.0128627302448088
2027,"Tennessee",0.0137978165716224
2028,"Tennessee",0.014732902898436
2029,"Tennessee",0.0156679892252497
2030,"Tennessee",0.0166030755520633
2031,"Tennessee",0.017538161878877
2032,"Tennessee",0.0184732482056906
2033,"Tennessee",0.0194083345325043
2034,"Tennessee",0.0203434208593179
2035,"Tennessee",0.0212785071861316
2036,"Tennessee",0.0212785071861316
2037,"Tennessee",0.0212785071861316
2038,"Tennessee",0.0212785071861316
2039,"Tennessee",0.0212785071861316
2040,"Tennessee",0.0212785071861316
2041,"Tennessee",0.0212785071861316
2042,"Tennessee",0.0212785071861316
2043,"Tennessee",0.0212785071861316
2044,"Tennessee",0.0212785071861316
2045,"Tennessee",0.0212785071861316
2046,"Tennessee",0.0212785071861316
2047,"Tennessee",0.0212785071861316
2048,"Tennessee",0.0212785071861316
2049,"Tennessee",0.0212785071861316
2050,"Tennessee",0.0212785071861316
2023,"Texas",0.0728268678160919
2024,"Texas",0.0743477761382382
2025,"Texas",0.0758686844603844
2026,"Texas",0.0773895927825306
2027,"Texas",0.0789105011046768
2028,"Texas",0.080431409426823
2029,"Texas",0.0819523177489692
2030,"Texas",0.0834732260711154
2031,"Texas",0.0849941343932616
2032,"Texas",0.0865150427154078
2033,"Texas",0.088035951037554
2034,"Texas",0.0895568593597003
2035,"Texas",0.0910777676818465
2036,"Texas",0.0910777676818465
2037,"Texas",0.0910777676818465
2038,"Texas",0.0910777676818465
2039,"Texas",0.0910777676818465
2040,"Texas",0.0910777676818465
2041,"Texas",0.0910777676818465
2042,"Texas",0.0910777676818465
2043,"Texas",0.0910777676818465
2044,"Texas",0.0910777676818465
2045,"Texas",0.0910777676818465
2046,"Texas",0.0910777676818465
2047,"Texas",0.0910777676818465
2048,"Texas",0.0910777676818465
2049,"Texas",0.0910777676818465
2050,"Texas",0.0910777676818465
2023,"Utah",0.0107758620689655
2024,"Utah",0.0107282721896117
2025,"Utah",0.0106806823102579
2026,"Utah",0.0106330924309041
2027,"Utah",0.0105855025515503
2028,"Utah",0.0105379126721965
2029,"Utah",0.0104903227928427
2030,"Utah",0.0104427329134889
2031,"Utah",0.0103951430341352
2032,"Utah",0.0103475531547814
2033,"Utah",0.0102999632754276
2034,"Utah",0.0102523733960738
2035,"Utah",0.01020478351672
2036,"Utah",0.01020478351672
2037,"Utah",0.01020478351672
2038,"Utah",0.01020478351672
2039,"Utah",0.01020478351672
2040,"Utah",0.01020478351672
2041,"Utah",0.01020478351672
2042,"Utah",0.01020478351672
2043,"Utah",0.01020478351672
2044,"Utah",0.01020478351672
2045,"Utah",0.01020478351672
2046,"Utah",0.01020478351672
2047,"Utah",0.01020478351672
2048,"Utah",0.01020478351672
2049,"Utah",0.01020478351672
2050,"Utah",0.01020478351672
2023,"Vermont",0.00224497126436782
2024,"Vermont",0.0022189919492138
2025,"Vermont",0.00219301263405978
2026,"Vermont",0.00216703331890576
2027,"Vermont",0.00214105400375174
2028,"Vermont",0.00211507468859772
2029,"Vermont",0.0020890953734437
2030,"Vermont",0.00206311605828968
2031,"Vermont",0.00203713674313566
2032,"Vermont",0.00201115742798164
2033,"Vermont",0.00198517811282762
2034,"Vermont",0.0019591987976736
2035,"Vermont",0.00193321948251958
2036,"Vermont",0.00193321948251958
2037,"Vermont",0.00193321948251958
2038,"Vermont",0.00193321948251958
2039,"Vermont",0.00193321948251958
2040,"Vermont",0.00193321948251958
2041,"Vermont",0.00193321948251958
2042,"Vermont",0.00193321948251958
2043,"Vermont",0.00193321948251958
2044,"Vermont",0.00193321948251958
2045,"Vermont",0.00193321948251958
2046,"Vermont",0.00193321948251958
2047,"Vermont",0.00193321948251958
2048,"Vermont",0.00193321948251958
2049,"Vermont",0.00193321948251958
2050,"Vermont",0.00193321948251958
2023,"Virginia",0.0254130747126437
2024,"Virginia",0.0254639534965876
2025,"Virginia",0.0255148322805316
2026,"Virginia",0.0255657110644755
2027,"Virginia",0.0256165898484195
2028,"Virginia",0.0256674686323634
2029,"Virginia",0.0257183474163074
2030,"Virginia",0.0257692262002513
2031,"Virginia",0.0258201049841953
2032,"Virginia",0.0258709837681392
2033,"Virginia",0.0259218625520832
2034,"Virginia",0.0259727413360271
2035,"Virginia",0.0260236201199711
2036,"Virginia",0.0260236201199711
2037,"Virginia",0.0260236201199711
2038,"Virginia",0.0260236201199711
2039,"Virginia",0.0260236201199711
2040,"Virginia",0.0260236201199711
2041,"Virginia",0.0260236201199711
2042,"Virginia",0.0260236201199711
2043,"Virginia",0.0260236201199711
2044,"Virginia",0.0260236201199711
2045,"Virginia",0.0260236201199711
2046,"Virginia",0.0260236201199711
2047,"Virginia",0.0260236201199711
2048,"Virginia",0.0260236201199711
2049,"Virginia",0.0260236201199711
2050,"Virginia",0.0260236201199711
2023,"Washington",0.0431034482758621
2024,"Washington",0.0414554906025532
2025,"Washington",0.0398075329292443
2026,"Washington",0.0381595752559354
2027,"Washington",0.0365116175826265
2028,"Washington",0.0348636599093176
2029,"Washington",0.0332157022360088
2030,"Washington",0.0315677445626999
2031,"Washington",0.029919786889391
2032,"Washington",0.0282718292160821
2033,"Washington",0.0266238715427732
2034,"Washington",0.0249759138694643
2035,"Washington",0.0233279561961554
2036,"Washington",0.0233279561961554
2037,"Washington",0.0233279561961554
2038,"Washington",0.0233279561961554
2039,"Washington",0.0233279561961554
2040,"Washington",0.0233279561961554
2041,"Washington",0.0233279561961554
2042,"Washington",0.0233279561961554
2043,"Washington",0.0233279561961554
2044,"Washington",0.0233279561961554
2045,"Washington",0.0233279561961554
2046,"Washington",0.0233279561961554
2047,"Washington",0.0233279561961554
2048,"Washington",0.0233279561961554
2049,"Washington",0.0233279561961554
2050,"Washington",0.0233279561961554
2023,"West Virginia",0.000808189655172414
2024,"West Virginia",0.0011812685748429
2025,"West Virginia",0.00155434749451338
2026,"West Virginia",0.00192742641418387
2027,"West Virginia",0.00230050533385435
2028,"West Virginia",0.00267358425352484
2029,"West Virginia",0.00304666317319532
2030,"West Virginia",0.0034197420928658
2031,"West Virginia",0.00379282101253629
2032,"West Virginia",0.00416589993220677
2033,"West Virginia",0.00453897885187726
2034,"West Virginia",0.00491205777154774
2035,"West Virginia",0.00528513669121823
2036,"West Virginia",0.00528513669121823
2037,"West Virginia",0.00528513669121823
2038,"West Virginia",0.00528513669121823
2039,"West Virginia",0.00528513669121823
2040,"West Virginia",0.00528513669121823
2041,"West Virginia",0.00528513669121823
2042,"West Virginia",0.00528513669121823
2043,"West Virginia",0.00528513669121823
2044,"West Virginia",0.00528513669121823
2045,"West Virginia",0.00528513669121823
2046,"West Virginia",0.00528513669121823
2047,"West Virginia",0.00528513669121823
2048,"West Virginia",0.00528513669121823
2049,"West Virginia",0.00528513669121823
2050,"West Virginia",0.00528513669121823
2023,"Wisconsin",0.00826149425287356
2024,"Wisconsin",0.00904379685339833
2025,"Wisconsin",0.00982609945392309
2026,"Wisconsin",0.0106084020544479
2027,"Wisconsin",0.0113907046549726
2028,"Wisconsin",0.0121730072554974
2029,"Wisconsin",0.0129553098560222
2030,"Wisconsin",0.0137376124565469
2031,"Wisconsin",0.0145199150570717
2032,"Wisconsin",0.0153022176575965
2033,"Wisconsin",0.0160845202581212
2034,"Wisconsin",0.016866822858646
2035,"Wisconsin",0.0176491254591708
2036,"Wisconsin",0.0176491254591708
2037,"Wisconsin",0.0176491254591708
2038,"Wisconsin",0.0176491254591708
2039,"Wisconsin",0.0176491254591708
2040,"Wisconsin",0.0176491254591708
2041,"Wisconsin",0.0176491254591708
2042,"Wisconsin",0.0176491254591708
2043,"Wisconsin",0.0176491254591708
2044,"Wisconsin",0.0176491254591708
2045,"Wisconsin",0.0176491254591708
2046,"Wisconsin",0.0176491254591708
2047,"Wisconsin",0.0176491254591708
2048,"Wisconsin",0.0176491254591708
2049,"Wisconsin",0.0176491254591708
2050,"Wisconsin",0.0176491254591708
2023,"Wyoming",0.000269396551724138
2024,"Wyoming",0.000392271569014214
2025,"Wyoming",0.00051514658630429
2026,"Wyoming",0.000638021603594366
2027,"Wyoming",0.000760896620884442
2028,"Wyoming",0.000883771638174518
2029,"Wyoming",0.00100664665546459
2030,"Wyoming",0.00112952167275467
2031,"Wyoming",0.00125239669004475
2032,"Wyoming",0.00137527170733482
2033,"Wyoming",0.0014981467246249
2034,"Wyoming",0.00162102174191498
2035,"Wyoming",0.00174389675920505
2036,"Wyoming",0.00174389675920505
2037,"Wyoming",0.00174389675920505
2038,"Wyoming",0.00174389675920505
2039,"Wyoming",0.00174389675920505
2040,"Wyoming",0.00174389675920505
2041,"Wyoming",0.00174389675920505
2042,"Wyoming",0.00174389675920505
2043,"Wyoming",0.00174389675920505
2044,"Wyoming",0.00174389675920505
2045,"Wyoming",0.00174389675920505
2046,"Wyoming",0.00174389675920505
2047,"Wyoming",0.00174389675920505
2048,"Wyoming",0.00174389675920505
2049,"Wyoming",0.00174389675920505
2050,"Wyoming",0.00174389675920505
