"Scenario","Year","age","fleet"
"Ambitious",2022,0,987646
"Ambitious",2022,1,435212
"Ambitious",2022,2,234995
"Ambitious",2022,3,210516
"Ambitious",2022,4,194746
"Ambitious",2022,5,96190
"Ambitious",2022,6,277465
"Ambitious",2023,0,1113314
"Ambitious",2023,1,987246
"Ambitious",2023,2,434935
"Ambitious",2023,3,234760
"Ambitious",2023,4,210186
"Ambitious",2023,5,194268
"Ambitious",2023,6,95821
"Ambitious",2023,7,275809
"Ambitious",2024,0,2035102
"Ambitious",2024,1,1112863
"Ambitious",2024,2,986619
"Ambitious",2024,3,434501
"Ambitious",2024,4,234392
"Ambitious",2024,5,209670
"Ambitious",2024,6,193523
"Ambitious",2024,7,95249
"Ambitious",2024,8,273262
"Ambitious",2025,0,3447395
"Ambitious",2025,1,2034279
"Ambitious",2025,2,1112156
"Ambitious",2025,3,985633
"Ambitious",2025,4,433820
"Ambitious",2025,5,233817
"Ambitious",2025,6,208866
"Ambitious",2025,7,192368
"Ambitious",2025,8,94370
"Ambitious",2025,9,269393
"Ambitious",2026,0,4255227
"Ambitious",2026,1,3446001
"Ambitious",2026,2,2032986
"Ambitious",2026,3,1111045
"Ambitious",2026,4,984089
"Ambitious",2026,5,432755
"Ambitious",2026,6,232920
"Ambitious",2026,7,207619
"Ambitious",2026,8,190591
"Ambitious",2026,9,93033
"Ambitious",2026,10,263615
"Ambitious",2027,0,5100207
"Ambitious",2027,1,4253506
"Ambitious",2027,2,3443810
"Ambitious",2027,3,2030956
"Ambitious",2027,4,1109304
"Ambitious",2027,5,981674
"Ambitious",2027,6,431096
"Ambitious",2027,7,231530
"Ambitious",2027,8,205702
"Ambitious",2027,9,187892
"Ambitious",2027,10,91035
"Ambitious",2027,11,255196
"Ambitious",2028,0,6289143
"Ambitious",2028,1,5098144
"Ambitious",2028,2,4250802
"Ambitious",2028,3,3440371
"Ambitious",2028,4,2027773
"Ambitious",2028,5,1106581
"Ambitious",2028,6,977909
"Ambitious",2028,7,428523
"Ambitious",2028,8,229392
"Ambitious",2028,9,202788
"Ambitious",2028,10,183858
"Ambitious",2028,11,88121
"Ambitious",2028,12,243302
"Ambitious",2029,0,7698304
"Ambitious",2029,1,6286599
"Ambitious",2029,2,5094903
"Ambitious",2029,3,4246557
"Ambitious",2029,4,3434980
"Ambitious",2029,5,2022796
"Ambitious",2029,6,1102337
"Ambitious",2029,7,972072
"Ambitious",2029,8,424565
"Ambitious",2029,9,226143
"Ambitious",2029,10,198435
"Ambitious",2029,11,177971
"Ambitious",2029,12,83995
"Ambitious",2029,13,227143
"Ambitious",2030,0,8969710
"Ambitious",2030,1,7695191
"Ambitious",2030,2,6282602
"Ambitious",2030,3,5089815
"Ambitious",2030,4,4239903
"Ambitious",2030,5,3426548
"Ambitious",2030,6,2015039
"Ambitious",2030,7,1095758
"Ambitious",2030,8,963096
"Ambitious",2030,9,418551
"Ambitious",2030,10,221288
"Ambitious",2030,11,192081
"Ambitious",2030,12,169638
"Ambitious",2030,13,78377
"Ambitious",2030,14,178657
"Ambitious",2031,0,9802356
"Ambitious",2031,1,8966082
"Ambitious",2031,2,7690298
"Ambitious",2031,3,6276328
"Ambitious",2031,4,5081839
"Ambitious",2031,5,4229496
"Ambitious",2031,6,3413407
"Ambitious",2031,7,2003012
"Ambitious",2031,8,1085640
"Ambitious",2031,9,949453
"Ambitious",2031,10,409566
"Ambitious",2031,11,214202
"Ambitious",2031,12,183100
"Ambitious",2031,13,158317
"Ambitious",2031,14,62228
"Ambitious",2031,15,131677
"Ambitious",2032,0,10701500
"Ambitious",2032,1,9798391
"Ambitious",2032,2,8960382
"Ambitious",2032,3,7682618
"Ambitious",2032,4,6266493
"Ambitious",2032,5,5069366
"Ambitious",2032,6,4213275
"Ambitious",2032,7,3393035
"Ambitious",2032,8,1984515
"Ambitious",2032,9,1070261
"Ambitious",2032,10,929070
"Ambitious",2032,11,396451
"Ambitious",2032,12,204200
"Ambitious",2032,13,170904
"Ambitious",2032,14,125254
"Ambitious",2032,15,46506
"Ambitious",2032,16,91031
"Ambitious",2033,0,11832215
"Ambitious",2033,1,10697171
"Ambitious",2033,2,9792162
"Ambitious",2033,3,8951433
"Ambitious",2033,4,7670580
"Ambitious",2033,5,6251112
"Ambitious",2033,6,5049924
"Ambitious",2033,7,4188128
"Ambitious",2033,8,3361702
"Ambitious",2033,9,1956404
"Ambitious",2033,10,1047284
"Ambitious",2033,11,899333
"Ambitious",2033,12,377944
"Ambitious",2033,13,190613
"Ambitious",2033,14,134900
"Ambitious",2033,15,93038
"Ambitious",2033,16,32776
"Ambitious",2033,17,59420
"Ambitious",2034,0,12957463
"Ambitious",2034,1,11827429
"Ambitious",2034,2,10690370
"Ambitious",2034,3,9782383
"Ambitious",2034,4,8937407
"Ambitious",2034,5,7651752
"Ambitious",2034,6,6227139
"Ambitious",2034,7,5019784
"Ambitious",2034,8,4149454
"Ambitious",2034,9,3314083
"Ambitious",2034,10,1914403
"Ambitious",2034,11,1013749
"Ambitious",2034,12,857340
"Ambitious",2034,13,352815
"Ambitious",2034,14,150302
"Ambitious",2034,15,99868
"Ambitious",2034,16,64919
"Ambitious",2034,17,21921
"Ambitious",2034,18,36995
"Ambitious",2035,0,14853507
"Ambitious",2035,1,12952222
"Ambitious",2035,2,11819909
"Ambitious",2035,3,10679694
"Ambitious",2035,4,9767054
"Ambitious",2035,5,8915470
"Ambitious",2035,6,7622407
"Ambitious",2035,7,6189972
"Ambitious",2035,8,4973429
"Ambitious",2035,9,4090676
"Ambitious",2035,10,3242934
"Ambitious",2035,11,1853101
"Ambitious",2035,12,966305
"Ambitious",2035,13,800433
"Ambitious",2035,14,277758
"Ambitious",2035,15,111108
"Ambitious",2035,16,69369
"Ambitious",2035,17,42770
"Ambitious",2035,18,14019
"Ambitious",2035,19,22208
"Ambitious",2036,0,14980618
"Ambitious",2036,1,14847499
"Ambitious",2036,2,12943987
"Ambitious",2036,3,11808105
"Ambitious",2036,4,10662960
"Ambitious",2036,5,9743081
"Ambitious",2036,6,8881279
"Ambitious",2036,7,7576913
"Ambitious",2036,8,6132812
"Ambitious",2036,9,4902980
"Ambitious",2036,10,4002854
"Ambitious",2036,11,3139091
"Ambitious",2036,12,1766338
"Ambitious",2036,13,901967
"Ambitious",2036,14,628106
"Ambitious",2036,15,204730
"Ambitious",2036,16,77025
"Ambitious",2036,17,45447
"Ambitious",2036,18,26803
"Ambitious",2036,19,8629
"Ambitious",2036,20,12974
"Ambitious",2037,0,15088372
"Ambitious",2037,1,14974558
"Ambitious",2037,2,14838060
"Ambitious",2037,3,12931061
"Ambitious",2037,4,11789603
"Ambitious",2037,5,10636787
"Ambitious",2037,6,9705715
"Ambitious",2037,7,8828271
"Ambitious",2037,8,7506945
"Ambitious",2037,9,6045939
"Ambitious",2037,10,4797719
"Ambitious",2037,11,3874678
"Ambitious",2037,12,2992116
"Ambitious",2037,13,1648544
"Ambitious",2037,14,710894
"Ambitious",2037,15,460706
"Ambitious",2037,16,141227
"Ambitious",2037,17,50328
"Ambitious",2037,18,28299
"Ambitious",2037,19,16087
"Ambitious",2037,20,5130
"Ambitious",2037,21,7426
"Ambitious",2038,0,15218482
"Ambitious",2038,1,15082269
"Ambitious",2038,2,14965038
"Ambitious",2038,3,14823242
"Ambitious",2038,4,12910799
"Ambitious",2038,5,11760665
"Ambitious",2038,6,10595995
"Ambitious",2038,7,9647787
"Ambitious",2038,8,8746747
"Ambitious",2038,9,7400608
"Ambitious",2038,10,5916140
"Ambitious",2038,11,4644091
"Ambitious",2038,12,3693262
"Ambitious",2038,13,2792133
"Ambitious",2038,14,1300110
"Ambitious",2038,15,525145
"Ambitious",2038,16,315653
"Ambitious",2038,17,91578
"Ambitious",2038,18,31218
"Ambitious",2038,19,16871
"Ambitious",2038,20,9296
"Ambitious",2038,21,2949
"Ambitious",2038,22,4182
"Ambitious",2039,0,15330482
"Ambitious",2039,1,15212326
"Ambitious",2039,2,15072680
"Ambitious",2039,3,14950093
"Ambitious",2039,4,14800015
"Ambitious",2039,5,12879109
"Ambitious",2039,6,11715562
"Ambitious",2039,7,10532752
"Ambitious",2039,8,9558696
"Ambitious",2039,9,8622848
"Ambitious",2039,10,7241726
"Ambitious",2039,11,5726700
"Ambitious",2039,12,4426652
"Ambitious",2039,13,3446159
"Ambitious",2039,14,2208079
"Ambitious",2039,15,961165
"Ambitious",2039,16,363783
"Ambitious",2039,17,202977
"Ambitious",2039,18,56218
"Ambitious",2039,19,18503
"Ambitious",2039,20,9677
"Ambitious",2039,21,5191
"Ambitious",2039,22,1643
"Ambitious",2039,23,2317
"Ambitious",2040,0,15467132
"Ambitious",2040,1,15324281
"Ambitious",2040,2,15202654
"Ambitious",2040,3,15057628
"Ambitious",2040,4,14926667
"Ambitious",2040,5,14763687
"Ambitious",2040,6,12829717
"Ambitious",2040,7,11645638
"Ambitious",2040,8,10435489
"Ambitious",2040,9,9423295
"Ambitious",2040,10,8437727
"Ambitious",2040,11,7009840
"Ambitious",2040,12,5458574
"Ambitious",2040,13,4130485
"Ambitious",2040,14,2729363
"Ambitious",2040,15,1639971
"Ambitious",2040,16,666482
"Ambitious",2040,17,237710
"Ambitious",2040,18,123523
"Ambitious",2040,19,32903
"Ambitious",2040,20,10521
"Ambitious",2040,21,5354
"Ambitious",2040,22,2804
"Ambitious",2040,23,885
"Ambitious",2040,24,1265
"Ambitious",2041,0,15520969
"Ambitious",2041,1,15460875
"Ambitious",2041,2,15314538
"Ambitious",2041,3,15187472
"Ambitious",2041,4,15034033
"Ambitious",2041,5,14890029
"Ambitious",2041,6,14707068
"Ambitious",2041,7,12753143
"Ambitious",2041,8,11538097
"Ambitious",2041,9,10287668
"Ambitious",2041,10,9220989
"Ambitious",2041,11,8167544
"Ambitious",2041,12,6681639
"Ambitious",2041,13,5093370
"Ambitious",2041,14,3271685
"Ambitious",2041,15,2031874
"Ambitious",2041,16,1145520
"Ambitious",2041,17,436080
"Ambitious",2041,18,147841
"Ambitious",2041,19,71801
"Ambitious",2041,20,18457
"Ambitious",2041,21,5748
"Ambitious",2041,22,2859
"Ambitious",2041,23,1466
"Ambitious",2041,24,461
"Ambitious",2041,25,671
"Ambitious",2042,0,15580882
"Ambitious",2042,1,15514691
"Ambitious",2042,2,15451046
"Ambitious",2042,3,15299244
"Ambitious",2042,4,15163674
"Ambitious",2042,5,14997132
"Ambitious",2042,6,14832925
"Ambitious",2042,7,14619289
"Ambitious",2042,8,12635375
"Ambitious",2042,9,11374658
"Ambitious",2042,10,10066806
"Ambitious",2042,11,8925728
"Ambitious",2042,12,7785143
"Ambitious",2042,13,6234611
"Ambitious",2042,14,4035586
"Ambitious",2042,15,2436021
"Ambitious",2042,16,1424104
"Ambitious",2042,17,757674
"Ambitious",2042,18,271804
"Ambitious",2042,19,88324
"Ambitious",2042,20,40181
"Ambitious",2042,21,9954
"Ambitious",2042,22,3016
"Ambitious",2042,23,1469
"Ambitious",2042,24,739
"Ambitious",2042,25,234
"Ambitious",2042,26,344
"Ambitious",2043,0,15624825
"Ambitious",2043,1,15574580
"Ambitious",2043,2,15504827
"Ambitious",2043,3,15435616
"Ambitious",2043,4,15275271
"Ambitious",2043,5,15126454
"Ambitious",2043,6,14939617
"Ambitious",2043,7,14744395
"Ambitious",2043,8,14484289
"Ambitious",2043,9,12456393
"Ambitious",2043,10,11130460
"Ambitious",2043,11,9744461
"Ambitious",2043,12,8507833
"Ambitious",2043,13,7264298
"Ambitious",2043,14,4940832
"Ambitious",2043,15,3006315
"Ambitious",2043,16,1707809
"Ambitious",2043,17,946220
"Ambitious",2043,18,479318
"Ambitious",2043,19,163031
"Ambitious",2043,20,51056
"Ambitious",2043,21,21764
"Ambitious",2043,22,5168
"Ambitious",2043,23,1523
"Ambitious",2043,24,733
"Ambitious",2043,25,362
"Ambitious",2043,26,111
"Ambitious",2043,27,164
"Ambitious",2044,0,15676005
"Ambitious",2044,1,15618505
"Ambitious",2044,2,15564678
"Ambitious",2044,3,15489343
"Ambitious",2044,4,15411429
"Ambitious",2044,5,15237777
"Ambitious",2044,6,15068444
"Ambitious",2044,7,14850450
"Ambitious",2044,8,14608239
"Ambitious",2044,9,14279116
"Ambitious",2044,10,12188971
"Ambitious",2044,11,10774057
"Ambitious",2044,12,9288236
"Ambitious",2044,13,7938651
"Ambitious",2044,14,5756663
"Ambitious",2044,15,3681935
"Ambitious",2044,16,2109271
"Ambitious",2044,17,1135121
"Ambitious",2044,18,601898
"Ambitious",2044,19,293001
"Ambitious",2044,20,94901
"Ambitious",2044,21,28687
"Ambitious",2044,22,11441
"Ambitious",2044,23,2585
"Ambitious",2044,24,735
"Ambitious",2044,25,347
"Ambitious",2044,26,167
"Ambitious",2044,27,45
"Ambitious",2044,28,73
"Ambitious",2045,0,15806958
"Ambitious",2045,1,15669664
"Ambitious",2045,2,15608575
"Ambitious",2045,3,15549134
"Ambitious",2045,4,15465072
"Ambitious",2045,5,15373601
"Ambitious",2045,6,15179340
"Ambitious",2045,7,14978508
"Ambitious",2045,8,14713315
"Ambitious",2045,9,14401311
"Ambitious",2045,10,13972563
"Ambitious",2045,11,11798675
"Ambitious",2045,12,10269629
"Ambitious",2045,13,8666853
"Ambitious",2045,14,6289392
"Ambitious",2045,15,4289597
"Ambitious",2045,16,2584652
"Ambitious",2045,17,1403508
"Ambitious",2045,18,722344
"Ambitious",2045,19,370189
"Ambitious",2045,20,174468
"Ambitious",2045,21,53899
"Ambitious",2045,22,15699
"Ambitious",2045,23,5840
"Ambitious",2045,24,1244
"Ambitious",2045,25,340
"Ambitious",2045,26,157
"Ambitious",2045,27,68
"Ambitious",2045,28,14
"Ambitious",2045,29,33
"Ambitious",2046,0,15924188
"Ambitious",2046,1,15800564
"Ambitious",2046,2,15659702
"Ambitious",2046,3,15592988
"Ambitious",2046,4,15524770
"Ambitious",2046,5,15427112
"Ambitious",2046,6,15314642
"Ambitious",2046,7,15088742
"Ambitious",2046,8,14840191
"Ambitious",2046,9,14504898
"Ambitious",2046,10,14092135
"Ambitious",2046,11,13525155
"Ambitious",2046,12,11246278
"Ambitious",2046,13,9582597
"Ambitious",2046,14,6864731
"Ambitious",2046,15,4684346
"Ambitious",2046,16,3010770
"Ambitious",2046,17,1721082
"Ambitious",2046,18,894373
"Ambitious",2046,19,444413
"Ambitious",2046,20,221830
"Ambitious",2046,21,101673
"Ambitious",2046,22,29924
"Ambitious",2046,23,8367
"Ambitious",2046,24,2893
"Ambitious",2046,25,574
"Ambitious",2046,26,155
"Ambitious",2046,27,64
"Ambitious",2046,28,25
"Ambitious",2047,0,15992160
"Ambitious",2047,1,15917747
"Ambitious",2047,2,15790519
"Ambitious",2047,3,15644063
"Ambitious",2047,4,15568554
"Ambitious",2047,5,15486664
"Ambitious",2047,6,15367949
"Ambitious",2047,7,15223237
"Ambitious",2047,8,14949407
"Ambitious",2047,9,14629976
"Ambitious",2047,10,14193498
"Ambitious",2047,11,13640899
"Ambitious",2047,12,12891926
"Ambitious",2047,13,10493916
"Ambitious",2047,14,7590198
"Ambitious",2047,15,5110814
"Ambitious",2047,16,3285186
"Ambitious",2047,17,2004228
"Ambitious",2047,18,1097728
"Ambitious",2047,19,551097
"Ambitious",2047,20,266341
"Ambitious",2047,21,130085
"Ambitious",2047,22,58063
"Ambitious",2047,23,16231
"Ambitious",2047,24,4332
"Ambitious",2047,25,1387
"Ambitious",2047,26,259
"Ambitious",2047,27,63
"Ambitious",2047,28,23
"Ambitious",2047,29,6
"Ambitious",2048,0,16033602
"Ambitious",2048,1,15985692
"Ambitious",2048,2,15907627
"Ambitious",2048,3,15774750
"Ambitious",2048,4,15619550
"Ambitious",2048,5,15530341
"Ambitious",2048,6,15427272
"Ambitious",2048,7,15276225
"Ambitious",2048,8,15082660
"Ambitious",2048,9,14737645
"Ambitious",2048,10,14315891
"Ambitious",2048,11,13739018
"Ambitious",2048,12,13002254
"Ambitious",2048,13,12029467
"Ambitious",2048,14,8311954
"Ambitious",2048,15,5651032
"Ambitious",2048,16,3581899
"Ambitious",2048,17,2184083
"Ambitious",2048,18,1277621
"Ambitious",2048,19,677052
"Ambitious",2048,20,330775
"Ambitious",2048,21,156159
"Ambitious",2048,22,74738
"Ambitious",2048,23,32439
"Ambitious",2048,24,8573
"Ambitious",2048,25,2173
"Ambitious",2048,26,645
"Ambitious",2048,27,109
"Ambitious",2048,28,16
"Ambitious",2049,0,16127733
"Ambitious",2049,1,16027116
"Ambitious",2049,2,15975529
"Ambitious",2049,3,15891741
"Ambitious",2049,4,15750032
"Ambitious",2049,5,15581211
"Ambitious",2049,6,15470781
"Ambitious",2049,7,15335194
"Ambitious",2049,8,15135159
"Ambitious",2049,9,14869011
"Ambitious",2049,10,14421249
"Ambitious",2049,11,13857492
"Ambitious",2049,12,13095781
"Ambitious",2049,13,12132425
"Ambitious",2049,14,9530265
"Ambitious",2049,15,6188224
"Ambitious",2049,16,3960523
"Ambitious",2049,17,2378899
"Ambitious",2049,18,1389601
"Ambitious",2049,19,787290
"Ambitious",2049,20,406744
"Ambitious",2049,21,194199
"Ambitious",2049,22,89675
"Ambitious",2049,23,42001
"Ambitious",2049,24,17668
"Ambitious",2049,25,4391
"Ambitious",2049,26,1056
"Ambitious",2049,27,287
"Ambitious",2049,28,34
"Ambitious",2050,0,16271545
"Ambitious",2050,1,16121209
"Ambitious",2050,2,16016927
"Ambitious",2050,3,15959575
"Ambitious",2050,4,15866839
"Ambitious",2050,5,15711372
"Ambitious",2050,6,15521456
"Ambitious",2050,7,15378444
"Ambitious",2050,8,15193583
"Ambitious",2050,9,14920766
"Ambitious",2050,10,14549795
"Ambitious",2050,11,13959477
"Ambitious",2050,12,13208712
"Ambitious",2050,13,12219704
"Ambitious",2050,14,9609088
"Ambitious",2050,15,7097890
"Ambitious",2050,16,4336728
"Ambitious",2050,17,2630234
"Ambitious",2050,18,1511307
"Ambitious",2050,19,854021
"Ambitious",2050,20,472330
"Ambitious",2050,21,238987
"Ambitious",2050,22,111652
"Ambitious",2050,23,50361
"Ambitious",2050,24,23004
"Ambitious",2050,25,9335
"Ambitious",2050,26,2172
"Ambitious",2050,27,491
"Ambitious",2050,28,117
"Ambitious",2050,29,12
"Baseline",2022,0,987646
"Baseline",2022,1,435212
"Baseline",2022,2,234995
"Baseline",2022,3,210516
"Baseline",2022,4,194746
"Baseline",2022,5,96190
"Baseline",2022,6,277465
"Baseline",2023,0,1113314
"Baseline",2023,1,987246
"Baseline",2023,2,434935
"Baseline",2023,3,234760
"Baseline",2023,4,210186
"Baseline",2023,5,194268
"Baseline",2023,6,95821
"Baseline",2023,7,275809
"Baseline",2024,0,1410747
"Baseline",2024,1,1112863
"Baseline",2024,2,986619
"Baseline",2024,3,434501
"Baseline",2024,4,234392
"Baseline",2024,5,209670
"Baseline",2024,6,193523
"Baseline",2024,7,95249
"Baseline",2024,8,273262
"Baseline",2025,0,1735772
"Baseline",2025,1,1410176
"Baseline",2025,2,1112156
"Baseline",2025,3,985633
"Baseline",2025,4,433820
"Baseline",2025,5,233817
"Baseline",2025,6,208866
"Baseline",2025,7,192368
"Baseline",2025,8,94370
"Baseline",2025,9,269393
"Baseline",2026,0,2117732
"Baseline",2026,1,1735070
"Baseline",2026,2,1409280
"Baseline",2026,3,1111045
"Baseline",2026,4,984089
"Baseline",2026,5,432755
"Baseline",2026,6,232920
"Baseline",2026,7,207619
"Baseline",2026,8,190591
"Baseline",2026,9,93033
"Baseline",2026,10,263615
"Baseline",2027,0,2553888
"Baseline",2027,1,2116876
"Baseline",2027,2,1733967
"Baseline",2027,3,1407872
"Baseline",2027,4,1109304
"Baseline",2027,5,981674
"Baseline",2027,6,431096
"Baseline",2027,7,231530
"Baseline",2027,8,205702
"Baseline",2027,9,187892
"Baseline",2027,10,91035
"Baseline",2027,11,255196
"Baseline",2028,0,3067289
"Baseline",2028,1,2552855
"Baseline",2028,2,2115530
"Baseline",2028,3,1732236
"Baseline",2028,4,1405666
"Baseline",2028,5,1106581
"Baseline",2028,6,977909
"Baseline",2028,7,428523
"Baseline",2028,8,229392
"Baseline",2028,9,202788
"Baseline",2028,10,183858
"Baseline",2028,11,88120
"Baseline",2028,12,243302
"Baseline",2029,0,3727220
"Baseline",2029,1,3066048
"Baseline",2029,2,2551232
"Baseline",2029,3,2113417
"Baseline",2029,4,1729521
"Baseline",2029,5,1402216
"Baseline",2029,6,1102337
"Baseline",2029,7,972072
"Baseline",2029,8,424565
"Baseline",2029,9,226143
"Baseline",2029,10,198435
"Baseline",2029,11,177971
"Baseline",2029,12,83995
"Baseline",2029,13,227143
"Baseline",2030,0,4491592
"Baseline",2030,1,3725712
"Baseline",2030,2,3064099
"Baseline",2030,3,2548684
"Baseline",2030,4,2110105
"Baseline",2030,5,1725276
"Baseline",2030,6,1396839
"Baseline",2030,7,1095758
"Baseline",2030,8,963096
"Baseline",2030,9,418551
"Baseline",2030,10,221288
"Baseline",2030,11,192081
"Baseline",2030,12,169638
"Baseline",2030,13,78376
"Baseline",2030,14,178670
"Baseline",2031,0,4696186
"Baseline",2031,1,4489776
"Baseline",2031,2,3723344
"Baseline",2031,3,3061039
"Baseline",2031,4,2544690
"Baseline",2031,5,2104926
"Baseline",2031,6,1718660
"Baseline",2031,7,1388502
"Baseline",2031,8,1085640
"Baseline",2031,9,949453
"Baseline",2031,10,409566
"Baseline",2031,11,214202
"Baseline",2031,12,183088
"Baseline",2031,13,158327
"Baseline",2031,14,62215
"Baseline",2031,15,131706
"Baseline",2032,0,4903491
"Baseline",2032,1,4694286
"Baseline",2032,2,4486921
"Baseline",2032,3,3719625
"Baseline",2032,4,3056242
"Baseline",2032,5,2538444
"Baseline",2032,6,2096854
"Baseline",2032,7,1708402
"Baseline",2032,8,1375680
"Baseline",2032,9,1070261
"Baseline",2032,10,929070
"Baseline",2032,11,396451
"Baseline",2032,12,204173
"Baseline",2032,13,170890
"Baseline",2032,14,125004
"Baseline",2032,15,46483
"Baseline",2032,16,91076
"Baseline",2033,0,5106472
"Baseline",2033,1,4901508
"Baseline",2033,2,4691302
"Baseline",2033,3,4482440
"Baseline",2033,4,3713797
"Baseline",2033,5,3048741
"Baseline",2033,6,2528709
"Baseline",2033,7,2084339
"Baseline",2033,8,1692626
"Baseline",2033,9,1356193
"Baseline",2033,10,1047284
"Baseline",2033,11,899320
"Baseline",2033,12,377918
"Baseline",2033,13,190569
"Baseline",2033,14,134829
"Baseline",2033,15,92557
"Baseline",2033,16,32745
"Baseline",2033,17,59480
"Baseline",2034,0,5338392
"Baseline",2034,1,5104407
"Baseline",2034,2,4898392
"Baseline",2034,3,4686617
"Baseline",2034,4,4475417
"Baseline",2034,5,3704681
"Baseline",2034,6,3037049
"Baseline",2034,7,2513617
"Baseline",2034,8,2065091
"Baseline",2034,9,1668649
"Baseline",2034,10,1327077
"Baseline",2034,11,1013749
"Baseline",2034,12,857218
"Baseline",2034,13,352804
"Baseline",2034,14,150419
"Baseline",2034,15,99746
"Baseline",2034,16,64290
"Baseline",2034,17,21890
"Baseline",2034,18,37066
"Baseline",2035,0,5598056
"Baseline",2035,1,5336232
"Baseline",2035,2,5101161
"Baseline",2035,3,4893500
"Baseline",2035,4,4679273
"Baseline",2035,5,4464431
"Baseline",2035,6,3690474
"Baseline",2035,7,3018922
"Baseline",2035,8,2490405
"Baseline",2035,9,2035839
"Baseline",2035,10,1632826
"Baseline",2035,11,1284583
"Baseline",2035,12,966285
"Baseline",2035,13,799990
"Baseline",2035,14,277311
"Baseline",2035,15,111334
"Baseline",2035,16,69226
"Baseline",2035,17,42116
"Baseline",2035,18,13997
"Baseline",2035,19,22284
"Baseline",2036,0,5871800
"Baseline",2036,1,5595791
"Baseline",2036,2,5332840
"Baseline",2036,3,5096067
"Baseline",2036,4,4885832
"Baseline",2036,5,4667788
"Baseline",2036,6,4447310
"Baseline",2036,7,3668447
"Baseline",2036,8,2991044
"Baseline",2036,9,2455128
"Baseline",2036,10,1992132
"Baseline",2036,11,1580541
"Baseline",2036,12,1224438
"Baseline",2036,13,901635
"Baseline",2036,14,631708
"Baseline",2036,15,203961
"Baseline",2036,16,77300
"Baseline",2036,17,45331
"Baseline",2036,18,26235
"Baseline",2036,19,8623
"Baseline",2036,20,13048
"Baseline",2037,0,6141498
"Baseline",2037,1,5869425
"Baseline",2037,2,5592234
"Baseline",2037,3,5327514
"Baseline",2037,4,5088082
"Baseline",2037,5,4873840
"Baseline",2037,6,4649886
"Baseline",2037,7,4420766
"Baseline",2037,8,3634571
"Baseline",2037,9,2948675
"Baseline",2037,10,2402420
"Baseline",2037,11,1928342
"Baseline",2037,12,1506539
"Baseline",2037,13,1142527
"Baseline",2037,14,713839
"Baseline",2037,15,468040
"Baseline",2037,16,140348
"Baseline",2037,17,50616
"Baseline",2037,18,28251
"Baseline",2037,19,15672
"Baseline",2037,20,5143
"Baseline",2037,21,7492
"Baseline",2038,0,6423881
"Baseline",2038,1,6139014
"Baseline",2038,2,5865694
"Baseline",2038,3,5586649
"Baseline",2038,4,5319166
"Baseline",2038,5,5075593
"Baseline",2038,6,4855148
"Baseline",2038,7,4622134
"Baseline",2038,8,4379943
"Baseline",2038,9,3583087
"Baseline",2038,10,2885371
"Baseline",2038,11,2325492
"Baseline",2038,12,1838056
"Baseline",2038,13,1405744
"Baseline",2038,14,904374
"Baseline",2038,15,531056
"Baseline",2038,16,325702
"Baseline",2038,17,90827
"Baseline",2038,18,31513
"Baseline",2038,19,16899
"Baseline",2038,20,9047
"Baseline",2038,21,2977
"Baseline",2038,22,4237
"Baseline",2039,0,6702271
"Baseline",2039,1,6421283
"Baseline",2039,2,6135111
"Baseline",2039,3,5859836
"Baseline",2039,4,5577895
"Baseline",2039,5,5306110
"Baseline",2039,6,5056128
"Baseline",2039,7,4826170
"Baseline",2039,8,4579451
"Baseline",2039,9,4317901
"Baseline",2039,10,3506163
"Baseline",2039,11,2792980
"Baseline",2039,12,2216613
"Baseline",2039,13,1715082
"Baseline",2039,14,1112977
"Baseline",2039,15,672603
"Baseline",2039,16,371748
"Baseline",2039,17,214268
"Baseline",2039,18,55758
"Baseline",2039,19,18803
"Baseline",2039,20,9772
"Baseline",2039,21,5070
"Baseline",2039,22,1679
"Baseline",2039,23,2358
"Baseline",2040,0,6995185
"Baseline",2040,1,6699560
"Baseline",2040,2,6417200
"Baseline",2040,3,6128984
"Baseline",2040,4,5850654
"Baseline",2040,5,5564204
"Baseline",2040,6,5285761
"Baseline",2040,7,5025950
"Baseline",2040,8,4781604
"Baseline",2040,9,4514582
"Baseline",2040,10,4225201
"Baseline",2040,11,3393893
"Baseline",2040,12,2662214
"Baseline",2040,13,2068316
"Baseline",2040,14,1357960
"Baseline",2040,15,828048
"Baseline",2040,16,470647
"Baseline",2040,17,246478
"Baseline",2040,18,134575
"Baseline",2040,19,32769
"Baseline",2040,20,10823
"Baseline",2040,21,5483
"Baseline",2040,22,2765
"Baseline",2040,23,918
"Baseline",2040,24,1293
"Baseline",2041,0,7253518
"Baseline",2041,1,6992356
"Baseline",2041,2,6695300
"Baseline",2041,3,6410792
"Baseline",2041,4,6119380
"Baseline",2041,5,5836293
"Baseline",2041,6,5542865
"Baseline",2041,7,5254213
"Baseline",2041,8,4979539
"Baseline",2041,9,4713871
"Baseline",2041,10,4417660
"Baseline",2041,11,4089907
"Baseline",2041,12,3234992
"Baseline",2041,13,2484107
"Baseline",2041,14,1637849
"Baseline",2041,15,1010409
"Baseline",2041,16,579741
"Baseline",2041,17,311912
"Baseline",2041,18,156259
"Baseline",2041,19,81521
"Baseline",2041,20,18575
"Baseline",2041,21,6029
"Baseline",2041,22,2986
"Baseline",2041,23,1467
"Baseline",2041,24,490
"Baseline",2041,25,689
"Baseline",2042,0,7516405
"Baseline",2042,1,7250584
"Baseline",2042,2,6987910
"Baseline",2042,3,6688614
"Baseline",2042,4,6400746
"Baseline",2042,5,6104360
"Baseline",2042,6,5813911
"Baseline",2042,7,5509782
"Baseline",2042,8,5205693
"Baseline",2042,9,4909003
"Baseline",2042,10,4612671
"Baseline",2042,11,4276204
"Baseline",2042,12,3898419
"Baseline",2042,13,3018564
"Baseline",2042,14,1967790
"Baseline",2042,15,1218933
"Baseline",2042,16,707536
"Baseline",2042,17,384518
"Baseline",2042,18,197666
"Baseline",2042,19,95632
"Baseline",2042,20,48018
"Baseline",2042,21,10204
"Baseline",2042,22,3255
"Baseline",2042,23,1584
"Baseline",2042,24,754
"Baseline",2042,25,253
"Baseline",2042,26,356
"Baseline",2043,0,7773154
"Baseline",2043,1,7513365
"Baseline",2043,2,7245974
"Baseline",2043,3,6980932
"Baseline",2043,4,6678133
"Baseline",2043,5,6385036
"Baseline",2043,6,6080949
"Baseline",2043,7,5779210
"Baseline",2043,8,5458903
"Baseline",2043,9,5131954
"Baseline",2043,10,4803613
"Baseline",2043,11,4464971
"Baseline",2043,12,4075995
"Baseline",2043,13,3637605
"Baseline",2043,14,2391997
"Baseline",2043,15,1465336
"Baseline",2043,16,853861
"Baseline",2043,17,469408
"Baseline",2043,18,243936
"Baseline",2043,19,120952
"Baseline",2043,20,56928
"Baseline",2043,21,27636
"Baseline",2043,22,5443
"Baseline",2043,23,1704
"Baseline",2043,24,815
"Baseline",2043,25,375
"Baseline",2043,26,120
"Baseline",2043,27,170
"Baseline",2044,0,8034937
"Baseline",2044,1,7770010
"Baseline",2044,2,7508588
"Baseline",2044,3,7238738
"Baseline",2044,4,6969993
"Baseline",2044,5,6661742
"Baseline",2044,6,6360549
"Baseline",2044,7,6044655
"Baseline",2044,8,5725843
"Baseline",2044,9,5381577
"Baseline",2044,10,5021778
"Baseline",2044,11,4649799
"Baseline",2044,12,4255926
"Baseline",2044,13,3803306
"Baseline",2044,14,2883329
"Baseline",2044,15,1782289
"Baseline",2044,16,1027397
"Baseline",2044,17,566784
"Baseline",2044,18,297909
"Baseline",2044,19,149462
"Baseline",2044,20,72011
"Baseline",2044,21,33106
"Baseline",2044,22,15565
"Baseline",2044,23,2821
"Baseline",2044,24,862
"Baseline",2044,25,401
"Baseline",2044,26,176
"Baseline",2044,27,50
"Baseline",2044,28,77
"Baseline",2045,0,8340354
"Baseline",2045,1,8031687
"Baseline",2045,2,7765070
"Baseline",2045,3,7501090
"Baseline",2045,4,7227395
"Baseline",2045,5,6952885
"Baseline",2045,6,6636194
"Baseline",2045,7,6322586
"Baseline",2045,8,5988837
"Baseline",2045,9,5644735
"Baseline",2045,10,5266042
"Baseline",2045,11,4860979
"Baseline",2045,12,4432103
"Baseline",2045,13,3971205
"Baseline",2045,14,3013814
"Baseline",2045,15,2149379
"Baseline",2045,16,1250821
"Baseline",2045,17,682851
"Baseline",2045,18,359951
"Baseline",2045,19,182625
"Baseline",2045,20,89123
"Baseline",2045,21,41904
"Baseline",2045,22,18837
"Baseline",2045,23,8568
"Baseline",2045,24,1418
"Baseline",2045,25,417
"Baseline",2045,26,191
"Baseline",2045,27,70
"Baseline",2045,28,18
"Baseline",2045,29,35
"Baseline",2046,0,8642273
"Baseline",2046,1,8336981
"Baseline",2046,2,8026580
"Baseline",2046,3,7757315
"Baseline",2046,4,7489336
"Baseline",2046,5,7209655
"Baseline",2046,6,6926220
"Baseline",2046,7,6596585
"Baseline",2046,8,6264201
"Baseline",2046,9,5904004
"Baseline",2046,10,5523551
"Baseline",2046,11,5097422
"Baseline",2046,12,4633397
"Baseline",2046,13,4135602
"Baseline",2046,14,3145920
"Baseline",2046,15,2245513
"Baseline",2046,16,1509567
"Baseline",2046,17,832531
"Baseline",2046,18,434367
"Baseline",2046,19,220817
"Baseline",2046,20,108959
"Baseline",2046,21,51954
"Baseline",2046,22,23866
"Baseline",2046,23,10477
"Baseline",2046,24,4599
"Baseline",2046,25,685
"Baseline",2046,26,197
"Baseline",2046,27,75
"Baseline",2046,28,22
"Baseline",2046,29,5
"Baseline",2047,0,8920250
"Baseline",2047,1,8638778
"Baseline",2047,2,8331680
"Baseline",2047,3,8018565
"Baseline",2047,4,7745160
"Baseline",2047,5,7470953
"Baseline",2047,6,7182006
"Baseline",2047,7,6884881
"Baseline",2047,8,6535670
"Baseline",2047,9,6175467
"Baseline",2047,10,5777253
"Baseline",2047,11,5346686
"Baseline",2047,12,4858772
"Baseline",2047,13,4323437
"Baseline",2047,14,3275183
"Baseline",2047,15,2342702
"Baseline",2047,16,1575732
"Baseline",2047,17,1005852
"Baseline",2047,18,530599
"Baseline",2047,19,266953
"Baseline",2047,20,131826
"Baseline",2047,21,63550
"Baseline",2047,22,29646
"Baseline",2047,23,13289
"Baseline",2047,24,5676
"Baseline",2047,25,2395
"Baseline",2047,26,321
"Baseline",2047,27,83
"Baseline",2047,28,27
"Baseline",2047,29,6
"Baseline",2048,0,9185079
"Baseline",2048,1,8916642
"Baseline",2048,2,8633285
"Baseline",2048,3,8323360
"Baseline",2048,4,8006000
"Baseline",2048,5,7726149
"Baseline",2048,6,7442302
"Baseline",2048,7,7139140
"Baseline",2048,8,6821304
"Baseline",2048,9,6443091
"Baseline",2048,10,6042888
"Baseline",2048,11,5592264
"Baseline",2048,12,5096366
"Baseline",2048,13,4533807
"Baseline",2048,14,3423873
"Baseline",2048,15,2437678
"Baseline",2048,16,1642460
"Baseline",2048,17,1048506
"Baseline",2048,18,642013
"Baseline",2048,19,326877
"Baseline",2048,20,159660
"Baseline",2048,21,76917
"Baseline",2048,22,36279
"Baseline",2048,23,16538
"Baseline",2048,24,7206
"Baseline",2048,25,2981
"Baseline",2048,26,1203
"Baseline",2048,27,138
"Baseline",2048,28,30
"Baseline",2048,29,7
"Baseline",2049,0,9482134
"Baseline",2049,1,9181364
"Baseline",2049,2,8910973
"Baseline",2049,3,8624664
"Baseline",2049,4,8310318
"Baseline",2049,5,7986349
"Baseline",2049,6,7696519
"Baseline",2049,7,7397882
"Baseline",2049,8,7073215
"Baseline",2049,9,6724678
"Baseline",2049,10,6304767
"Baseline",2049,11,5849393
"Baseline",2049,12,5330446
"Baseline",2049,13,4755639
"Baseline",2049,14,3590238
"Baseline",2049,15,2548178
"Baseline",2049,16,1707519
"Baseline",2049,17,1091354
"Baseline",2049,18,667892
"Baseline",2049,19,396240
"Baseline",2049,20,196042
"Baseline",2049,21,93314
"Baseline",2049,22,43916
"Baseline",2049,23,20246
"Baseline",2049,24,8991
"Baseline",2049,25,3791
"Baseline",2049,26,1511
"Baseline",2049,27,574
"Baseline",2049,28,52
"Baseline",2049,29,7
"Baseline",2050,0,9811987
"Baseline",2050,1,9478299
"Baseline",2050,2,9175526
"Baseline",2050,3,8902074
"Baseline",2050,4,8611150
"Baseline",2050,5,8289919
"Baseline",2050,6,7955721
"Baseline",2050,7,7650583
"Baseline",2050,8,7329567
"Baseline",2050,9,6973021
"Baseline",2050,10,6580309
"Baseline",2050,11,6102886
"Baseline",2050,12,5575536
"Baseline",2050,13,4974153
"Baseline",2050,14,3764479
"Baseline",2050,15,2671711
"Baseline",2050,16,1784600
"Baseline",2050,17,1132963
"Baseline",2050,18,693728
"Baseline",2050,19,411077
"Baseline",2050,20,238146
"Baseline",2050,21,114930
"Baseline",2050,22,53364
"Baseline",2050,23,24508
"Baseline",2050,24,11012
"Baseline",2050,25,4740
"Baseline",2050,26,1924
"Baseline",2050,27,731
"Baseline",2050,28,263
"Baseline",2050,29,16
"Momentum",2022,0,987646
"Momentum",2022,1,435212
"Momentum",2022,2,234995
"Momentum",2022,3,210516
"Momentum",2022,4,194746
"Momentum",2022,5,96190
"Momentum",2022,6,277465
"Momentum",2023,0,1113314
"Momentum",2023,1,987246
"Momentum",2023,2,434935
"Momentum",2023,3,234760
"Momentum",2023,4,210186
"Momentum",2023,5,194268
"Momentum",2023,6,95821
"Momentum",2023,7,275809
"Momentum",2024,0,1590621
"Momentum",2024,1,1112863
"Momentum",2024,2,986619
"Momentum",2024,3,434501
"Momentum",2024,4,234392
"Momentum",2024,5,209670
"Momentum",2024,6,193523
"Momentum",2024,7,95249
"Momentum",2024,8,273262
"Momentum",2025,0,2206695
"Momentum",2025,1,1589977
"Momentum",2025,2,1112156
"Momentum",2025,3,985633
"Momentum",2025,4,433820
"Momentum",2025,5,233817
"Momentum",2025,6,208866
"Momentum",2025,7,192368
"Momentum",2025,8,94370
"Momentum",2025,9,269393
"Momentum",2026,0,3037493
"Momentum",2026,1,2205803
"Momentum",2026,2,1588967
"Momentum",2026,3,1111045
"Momentum",2026,4,984089
"Momentum",2026,5,432755
"Momentum",2026,6,232920
"Momentum",2026,7,207619
"Momentum",2026,8,190591
"Momentum",2026,9,93033
"Momentum",2026,10,263615
"Momentum",2027,0,4131334
"Momentum",2027,1,3036265
"Momentum",2027,2,2204400
"Momentum",2027,3,1587380
"Momentum",2027,4,1109304
"Momentum",2027,5,981674
"Momentum",2027,6,431096
"Momentum",2027,7,231530
"Momentum",2027,8,205702
"Momentum",2027,9,187892
"Momentum",2027,10,91035
"Momentum",2027,11,255196
"Momentum",2028,0,4728487
"Momentum",2028,1,4129663
"Momentum",2028,2,3034334
"Momentum",2028,3,2202199
"Momentum",2028,4,1584892
"Momentum",2028,5,1106581
"Momentum",2028,6,977909
"Momentum",2028,7,428523
"Momentum",2028,8,229392
"Momentum",2028,9,202788
"Momentum",2028,10,183858
"Momentum",2028,11,88120
"Momentum",2028,12,243302
"Momentum",2029,0,6060495
"Momentum",2029,1,4726575
"Momentum",2029,2,4127037
"Momentum",2029,3,3031304
"Momentum",2029,4,2198748
"Momentum",2029,5,1581002
"Momentum",2029,6,1102337
"Momentum",2029,7,972072
"Momentum",2029,8,424565
"Momentum",2029,9,226143
"Momentum",2029,10,198435
"Momentum",2029,11,177971
"Momentum",2029,12,83995
"Momentum",2029,13,227143
"Momentum",2030,0,6767333
"Momentum",2030,1,6058043
"Momentum",2030,2,4723570
"Momentum",2030,3,4122916
"Momentum",2030,4,3026554
"Momentum",2030,5,2193351
"Momentum",2030,6,1574939
"Momentum",2030,7,1095758
"Momentum",2030,8,963096
"Momentum",2030,9,418551
"Momentum",2030,10,221288
"Momentum",2030,11,192081
"Momentum",2030,12,169638
"Momentum",2030,13,78376
"Momentum",2030,14,178667
"Momentum",2031,0,7953699
"Momentum",2031,1,6764596
"Momentum",2031,2,6054192
"Momentum",2031,3,4718853
"Momentum",2031,4,4116456
"Momentum",2031,5,3019126
"Momentum",2031,6,2184940
"Momentum",2031,7,1565539
"Momentum",2031,8,1085640
"Momentum",2031,9,949453
"Momentum",2031,10,409566
"Momentum",2031,11,214202
"Momentum",2031,12,183088
"Momentum",2031,13,158329
"Momentum",2031,14,62220
"Momentum",2031,15,131698
"Momentum",2032,0,8925841
"Momentum",2032,1,7950482
"Momentum",2032,2,6760295
"Momentum",2032,3,6048146
"Momentum",2032,4,4711458
"Momentum",2032,5,4106352
"Momentum",2032,6,3007547
"Momentum",2032,7,2171899
"Momentum",2032,8,1551082
"Momentum",2032,9,1070261
"Momentum",2032,10,929070
"Momentum",2032,11,396451
"Momentum",2032,12,204181
"Momentum",2032,13,170887
"Momentum",2032,14,125022
"Momentum",2032,15,46491
"Momentum",2032,16,91063
"Momentum",2033,0,9853272
"Momentum",2033,1,8922230
"Momentum",2033,2,7945427
"Momentum",2033,3,6753544
"Momentum",2033,4,6038669
"Momentum",2033,5,4699894
"Momentum",2033,6,4090604
"Momentum",2033,7,2989597
"Momentum",2033,8,2151843
"Momentum",2033,9,1529111
"Momentum",2033,10,1047284
"Momentum",2033,11,899320
"Momentum",2033,12,377941
"Momentum",2033,13,190572
"Momentum",2033,14,134935
"Momentum",2033,15,92588
"Momentum",2033,16,32757
"Momentum",2033,17,59463
"Momentum",2034,0,10233400
"Momentum",2034,1,9849286
"Momentum",2034,2,8916558
"Momentum",2034,3,7937492
"Momentum",2034,4,6742961
"Momentum",2034,5,6023847
"Momentum",2034,6,4681870
"Momentum",2034,7,4066189
"Momentum",2034,8,2961989
"Momentum",2034,9,2121361
"Momentum",2034,10,1496283
"Momentum",2034,11,1013749
"Momentum",2034,12,857265
"Momentum",2034,13,352825
"Momentum",2034,14,150544
"Momentum",2034,15,99940
"Momentum",2034,16,64328
"Momentum",2034,17,21902
"Momentum",2034,18,37045
"Momentum",2035,0,10685569
"Momentum",2035,1,10229261
"Momentum",2035,2,9843024
"Momentum",2035,3,8907653
"Momentum",2035,4,7925054
"Momentum",2035,5,6726410
"Momentum",2035,6,6000745
"Momentum",2035,7,4653926
"Momentum",2035,8,4028640
"Momentum",2035,9,2920032
"Momentum",2035,10,2075818
"Momentum",2035,11,1448370
"Momentum",2035,12,966285
"Momentum",2035,13,800185
"Momentum",2035,14,277547
"Momentum",2035,15,111578
"Momentum",2035,16,69467
"Momentum",2035,17,42149
"Momentum",2035,18,14007
"Momentum",2035,19,22262
"Momentum",2036,0,10882402
"Momentum",2036,1,10681247
"Momentum",2036,2,10222757
"Momentum",2036,3,9833195
"Momentum",2036,4,8893695
"Momentum",2036,5,7905602
"Momentum",2036,6,6700614
"Momentum",2036,7,5964929
"Momentum",2036,8,4610950
"Momentum",2036,9,3971574
"Momentum",2036,10,2857343
"Momentum",2036,11,2009349
"Momentum",2036,12,1380557
"Momentum",2036,13,901762
"Momentum",2036,14,630164
"Momentum",2036,15,204380
"Momentum",2036,16,77622
"Momentum",2036,17,45567
"Momentum",2036,18,26253
"Momentum",2036,19,8628
"Momentum",2036,20,13026
"Momentum",2037,0,11068344
"Momentum",2037,1,10878000
"Momentum",2037,2,10674456
"Momentum",2037,3,10212548
"Momentum",2037,4,9817787
"Momentum",2037,5,8871865
"Momentum",2037,6,7875284
"Momentum",2037,7,6660622
"Momentum",2037,8,5909847
"Momentum",2037,9,4545635
"Momentum",2037,10,3886309
"Momentum",2037,11,2765848
"Momentum",2037,12,1915270
"Momentum",2037,13,1288418
"Momentum",2037,14,713097
"Momentum",2037,15,464876
"Momentum",2037,16,140857
"Momentum",2037,17,50951
"Momentum",2037,18,28438
"Momentum",2037,19,15667
"Momentum",2037,20,5142
"Momentum",2037,21,7473
"Momentum",2038,0,11270853
"Momentum",2038,1,11063867
"Momentum",2038,2,10871084
"Momentum",2038,3,10663796
"Momentum",2038,4,10196546
"Momentum",2038,5,9793689
"Momentum",2038,6,8837841
"Momentum",2038,7,7828280
"Momentum",2038,8,6599115
"Momentum",2038,9,5826133
"Momentum",2038,10,4448046
"Momentum",2038,11,3761866
"Momentum",2038,12,2636349
"Momentum",2038,13,1787332
"Momentum",2038,14,1017475
"Momentum",2038,15,529542
"Momentum",2038,16,321326
"Momentum",2038,17,91297
"Momentum",2038,18,31795
"Momentum",2038,19,17016
"Momentum",2038,20,9020
"Momentum",2038,21,2971
"Momentum",2038,22,4221
"Momentum",2039,0,11461653
"Momentum",2039,1,11266294
"Momentum",2039,2,11056833
"Momentum",2039,3,10860228
"Momentum",2039,4,10647086
"Momentum",2039,5,10171518
"Momentum",2039,6,9756129
"Momentum",2039,7,8785093
"Momentum",2039,8,7755991
"Momentum",2039,9,6505637
"Momentum",2039,10,5701053
"Momentum",2039,11,4305616
"Momentum",2039,12,3585733
"Momentum",2039,13,2460071
"Momentum",2039,14,1412263
"Momentum",2039,15,753887
"Momentum",2039,16,369697
"Momentum",2039,17,209284
"Momentum",2039,18,56080
"Momentum",2039,19,19000
"Momentum",2039,20,9822
"Momentum",2039,21,5029
"Momentum",2039,22,1670
"Momentum",2039,23,2346
"Momentum",2040,0,11672632
"Momentum",2040,1,11457017
"Momentum",2040,2,11259131
"Momentum",2040,3,11045791
"Momentum",2040,4,10843211
"Momentum",2040,5,10620952
"Momentum",2040,6,10132510
"Momentum",2040,7,9697900
"Momentum",2040,8,8703968
"Momentum",2040,9,7646126
"Momentum",2040,10,6365970
"Momentum",2040,11,5518501
"Momentum",2040,12,4104026
"Momentum",2040,13,3345829
"Momentum",2040,14,1945755
"Momentum",2040,15,1047399
"Momentum",2040,16,524534
"Momentum",2040,17,244183
"Momentum",2040,18,129608
"Momentum",2040,19,32904
"Momentum",2040,20,10923
"Momentum",2040,21,5483
"Momentum",2040,22,2721
"Momentum",2040,23,910
"Momentum",2040,24,1285
"Momentum",2041,0,11822454
"Momentum",2041,1,11667910
"Momentum",2041,2,11449733
"Momentum",2041,3,11247888
"Momentum",2041,4,11028483
"Momentum",2041,5,10816596
"Momentum",2041,6,10580221
"Momentum",2041,7,10072034
"Momentum",2041,8,9608346
"Momentum",2041,9,8580674
"Momentum",2041,10,7481973
"Momentum",2041,11,6162126
"Momentum",2041,12,5260123
"Momentum",2041,13,3829450
"Momentum",2041,14,2650333
"Momentum",2041,15,1445331
"Momentum",2041,16,729891
"Momentum",2041,17,344837
"Momentum",2041,18,153976
"Momentum",2041,19,77065
"Momentum",2041,20,18552
"Momentum",2041,21,6063
"Momentum",2041,22,2964
"Momentum",2041,23,1424
"Momentum",2041,24,483
"Momentum",2041,25,684
"Momentum",2042,0,11977705
"Momentum",2042,1,11817672
"Momentum",2042,2,11660492
"Momentum",2042,3,11438299
"Momentum",2042,4,11230263
"Momentum",2042,5,11001413
"Momentum",2042,6,10775113
"Momentum",2042,7,10517073
"Momentum",2042,8,9979025
"Momentum",2042,9,9472242
"Momentum",2042,10,8396459
"Momentum",2042,11,7242395
"Momentum",2042,12,5873617
"Momentum",2042,13,4908198
"Momentum",2042,14,3033030
"Momentum",2042,15,1973556
"Momentum",2042,16,1009576
"Momentum",2042,17,481010
"Momentum",2042,18,216219
"Momentum",2042,19,93541
"Momentum",2042,20,44354
"Momentum",2042,21,10088
"Momentum",2042,22,3251
"Momentum",2042,23,1552
"Momentum",2042,24,723
"Momentum",2042,25,248
"Momentum",2042,26,352
"Momentum",2043,0,12121409
"Momentum",2043,1,11972861
"Momentum",2043,2,11810159
"Momentum",2043,3,11648848
"Momentum",2043,4,11420376
"Momentum",2043,5,11202698
"Momentum",2043,6,10959222
"Momentum",2043,7,10710802
"Momentum",2043,8,10419954
"Momentum",2043,9,9837670
"Momentum",2043,10,9268885
"Momentum",2043,11,8127599
"Momentum",2043,12,6903310
"Momentum",2043,13,5480654
"Momentum",2043,14,3889177
"Momentum",2043,15,2258009
"Momentum",2043,16,1383759
"Momentum",2043,17,667544
"Momentum",2043,18,302677
"Momentum",2043,19,130569
"Momentum",2043,20,55138
"Momentum",2043,21,24841
"Momentum",2043,22,5300
"Momentum",2043,23,1682
"Momentum",2043,24,782
"Momentum",2043,25,354
"Momentum",2043,26,117
"Momentum",2043,27,169
"Momentum",2044,0,12271397
"Momentum",2044,1,12116506
"Momentum",2044,2,11965248
"Momentum",2044,3,11798365
"Momentum",2044,4,11630594
"Momentum",2044,5,11392344
"Momentum",2044,6,11159735
"Momentum",2044,7,10893812
"Momentum",2044,8,10611895
"Momentum",2044,9,10272353
"Momentum",2044,10,9626469
"Momentum",2044,11,8972091
"Momentum",2044,12,7747071
"Momentum",2044,13,6441463
"Momentum",2044,14,4342400
"Momentum",2044,15,2897635
"Momentum",2044,16,1582580
"Momentum",2044,17,919859
"Momentum",2044,18,421908
"Momentum",2044,19,183673
"Momentum",2044,20,76537
"Momentum",2044,21,31673
"Momentum",2044,22,13572
"Momentum",2044,23,2693
"Momentum",2044,24,843
"Momentum",2044,25,377
"Momentum",2044,26,164
"Momentum",2044,27,49
"Momentum",2044,28,76
"Momentum",2045,0,12485114
"Momentum",2045,1,12266433
"Momentum",2045,2,12108803
"Momentum",2045,3,11953299
"Momentum",2045,4,11779877
"Momentum",2045,5,11602047
"Momentum",2045,6,11348654
"Momentum",2045,7,11093128
"Momentum",2045,8,10793215
"Momentum",2045,9,10461575
"Momentum",2045,10,10051820
"Momentum",2045,11,9318225
"Momentum",2045,12,8552027
"Momentum",2045,13,7228783
"Momentum",2045,14,5104628
"Momentum",2045,15,3234782
"Momentum",2045,16,2033455
"Momentum",2045,17,1051360
"Momentum",2045,18,585423
"Momentum",2045,19,257439
"Momentum",2045,20,108343
"Momentum",2045,21,43766
"Momentum",2045,22,17767
"Momentum",2045,23,7233
"Momentum",2045,24,1323
"Momentum",2045,25,404
"Momentum",2045,26,179
"Momentum",2045,27,63
"Momentum",2045,28,17
"Momentum",2045,29,34
"Momentum",2046,0,12691338
"Momentum",2046,1,12480064
"Momentum",2046,2,12258634
"Momentum",2046,3,12096711
"Momentum",2046,4,11934569
"Momentum",2046,5,11750963
"Momentum",2046,6,11557552
"Momentum",2046,7,11280919
"Momentum",2046,8,10990690
"Momentum",2046,9,10640327
"Momentum",2046,10,10236980
"Momentum",2046,11,9729957
"Momentum",2046,12,8881958
"Momentum",2046,13,7979894
"Momentum",2046,14,5728568
"Momentum",2046,15,3803781
"Momentum",2046,16,2269386
"Momentum",2046,17,1353487
"Momentum",2046,18,668472
"Momentum",2046,19,360187
"Momentum",2046,20,152849
"Momentum",2046,21,62423
"Momentum",2046,22,24457
"Momentum",2046,23,9726
"Momentum",2046,24,3752
"Momentum",2046,25,625
"Momentum",2046,26,187
"Momentum",2046,27,72
"Momentum",2046,28,25
"Momentum",2046,29,5
"Momentum",2047,0,12858018
"Momentum",2047,1,12686204
"Momentum",2047,2,12472129
"Momentum",2047,3,12246392
"Momentum",2047,4,12077756
"Momentum",2047,5,11905275
"Momentum",2047,6,11705898
"Momentum",2047,7,11488571
"Momentum",2047,8,11176747
"Momentum",2047,9,10835005
"Momentum",2047,10,10411894
"Momentum",2047,11,9909189
"Momentum",2047,12,9274418
"Momentum",2047,13,8287764
"Momentum",2047,14,6323648
"Momentum",2047,15,4268687
"Momentum",2047,16,2669864
"Momentum",2047,17,1509764
"Momentum",2047,18,862862
"Momentum",2047,19,410724
"Momentum",2047,20,215850
"Momentum",2047,21,88717
"Momentum",2047,22,35183
"Momentum",2047,23,13349
"Momentum",2047,24,5182
"Momentum",2047,25,1887
"Momentum",2047,26,282
"Momentum",2047,27,79
"Momentum",2047,28,27
"Momentum",2047,29,6
"Momentum",2048,0,13004137
"Momentum",2048,1,12852817
"Momentum",2048,2,12678139
"Momentum",2048,3,12459674
"Momentum",2048,4,12227203
"Momentum",2048,5,12048110
"Momentum",2048,6,11859618
"Momentum",2048,7,11636031
"Momentum",2048,8,11382481
"Momentum",2048,9,11018426
"Momentum",2048,10,10602393
"Momentum",2048,11,10078503
"Momentum",2048,12,9445261
"Momentum",2048,13,8653979
"Momentum",2048,14,6565977
"Momentum",2048,15,4711854
"Momentum",2048,16,2996056
"Momentum",2048,17,1777390
"Momentum",2048,18,961710
"Momentum",2048,19,531957
"Momentum",2048,20,245688
"Momentum",2048,21,126536
"Momentum",2048,22,50410
"Momentum",2048,23,19381
"Momentum",2048,24,7095
"Momentum",2048,25,2679
"Momentum",2048,26,917
"Momentum",2048,27,124
"Momentum",2048,28,27
"Momentum",2048,29,6
"Momentum",2049,0,13193944
"Momentum",2049,1,12998877
"Momentum",2049,2,12844645
"Momentum",2049,3,12665478
"Momentum",2049,4,12440150
"Momentum",2049,5,12197191
"Momentum",2049,6,12001905
"Momentum",2049,7,11788834
"Momentum",2049,8,11528579
"Momentum",2049,9,11221246
"Momentum",2049,10,10781876
"Momentum",2049,11,10262902
"Momentum",2049,12,9606651
"Momentum",2049,13,8813403
"Momentum",2049,14,6854472
"Momentum",2049,15,4890221
"Momentum",2049,16,3306697
"Momentum",2049,17,1994299
"Momentum",2049,18,1133125
"Momentum",2049,19,592172
"Momentum",2049,20,319477
"Momentum",2049,21,143700
"Momentum",2049,22,72650
"Momentum",2049,23,28001
"Momentum",2049,24,10399
"Momentum",2049,25,3657
"Momentum",2049,26,1334
"Momentum",2049,27,430
"Momentum",2049,28,42
"Momentum",2049,29,5
"Momentum",2050,0,13426069
"Momentum",2050,1,13188608
"Momentum",2050,2,12990613
"Momentum",2050,3,12831818
"Momentum",2050,4,12645632
"Momentum",2050,5,12409615
"Momentum",2050,6,12150414
"Momentum",2050,7,11930272
"Momentum",2050,8,11679971
"Momentum",2050,9,11365275
"Momentum",2050,10,10980342
"Momentum",2050,11,10436639
"Momentum",2050,12,9782419
"Momentum",2050,13,8964090
"Momentum",2050,14,6979517
"Momentum",2050,15,5102905
"Momentum",2050,16,3429221
"Momentum",2050,17,2200522
"Momentum",2050,18,1271048
"Momentum",2050,19,698342
"Momentum",2050,20,355033
"Momentum",2050,21,187689
"Momentum",2050,22,82284
"Momentum",2050,23,40791
"Momentum",2050,24,15155
"Momentum",2050,25,5411
"Momentum",2050,26,1821
"Momentum",2050,27,639
"Momentum",2050,28,188
"Momentum",2050,29,11
