"Scenario_Sales","Scenario_Lifetime","Scenario_Capacity","Scenario_Grid","Scenario_mpg","Scenario_Recycling","EV_kgCO2eq","EV_kgLithium","ICE_kgCO2eq","ICE_kgLithium","delta_co2","delta_li","metric"
"Ambitious","Long LIB Duration","Reference","Cambium NREL","Improved MPG","0%",8895451279884.77,1286154519.38999,23702724937309.5,23100.3477906484,-14807273657.4247,1286131419.0422,11.5130331459066
"Ambitious","Long LIB Duration","Reference","Cambium NREL","Improved MPG","20%",8901194740652.75,1189773952.62859,23702724937309.5,23100.3477906484,-14801530196.6567,1189750852.2808,12.4408653864644
"Ambitious","Long LIB Duration","Reference","Cambium NREL","Improved MPG","40%",8906938201420.73,1093393385.8672,23702724937309.5,23100.3477906484,-14795786735.8888,1093370285.51941,13.5322744104574
"Ambitious","Long LIB Duration","Reference","Cambium NREL","Improved MPG","60%",8912681662188.7,997012819.105802,23702724937309.5,23100.3477906484,-14790043275.1208,996989718.758011,14.834699893942
"Ambitious","Long LIB Duration","Reference","Cambium NREL","Improved MPG","80%",8918425122956.68,900632252.344407,23702724937309.5,23100.3477906484,-14784299814.3528,900609151.996616,16.4158889364788
"Ambitious","Long LIB Duration","Reference","Cambium NREL","Reference","0%",8895451279884.77,1286154519.38999,25607418680643.4,23112.3758907101,-16711967400.7586,1286131407.0141,12.9939812600933
"Ambitious","Long LIB Duration","Reference","Cambium NREL","Reference","20%",8901194740652.75,1189773952.62859,25607418680643.4,23112.3758907101,-16706223939.9906,1189750840.2527,14.0417836867779
"Ambitious","Long LIB Duration","Reference","Cambium NREL","Reference","40%",8906938201420.73,1093393385.8672,25607418680643.4,23112.3758907101,-16700480479.2227,1093370273.49131,15.2743136374975
"Ambitious","Long LIB Duration","Reference","Cambium NREL","Reference","60%",8912681662188.7,997012819.105802,25607418680643.4,23112.3758907101,-16694737018.4547,996989706.729911,16.7451448151985
"Ambitious","Long LIB Duration","Reference","Cambium NREL","Reference","80%",8918425122956.68,900632252.344407,25607418680643.4,23112.3758907101,-16688993557.6867,900609139.968516,18.5307841293617
"Ambitious","Long LIB Duration","Reference","High Oil and Gas Supply","Improved MPG","0%",10442897714479.5,1286154505.70362,23702724937309.5,23100.3477906484,-13259827222.83,1286131405.35583,10.3098541623447
"Ambitious","Long LIB Duration","Reference","High Oil and Gas Supply","Improved MPG","20%",10448641175247.5,1189773938.94222,23702724937309.5,23100.3477906484,-13254083762.062,1189750838.59443,11.1402180457551
"Ambitious","Long LIB Duration","Reference","High Oil and Gas Supply","Improved MPG","40%",10454384636015.4,1093393372.18083,23702724937309.5,23100.3477906484,-13248340301.294,1093370271.83304,12.1169750473306
"Ambitious","Long LIB Duration","Reference","High Oil and Gas Supply","Improved MPG","60%",10460128096783.4,997012805.419432,23702724937309.5,23100.3477906484,-13242596840.5261,996989705.071641,13.2825813277324
"Ambitious","Long LIB Duration","Reference","High Oil and Gas Supply","Improved MPG","80%",10465871557551.4,900632238.658037,23702724937309.5,23100.3477906484,-13236853379.7581,900609138.310246,14.6976671862263
"Ambitious","Long LIB Duration","Reference","High Oil and Gas Supply","Reference","0%",10442897714479.5,1286154505.70362,25607418680643.4,23112.3758907101,-15164520966.1639,1286131393.32773,11.7908022810386
"Ambitious","Long LIB Duration","Reference","High Oil and Gas Supply","Reference","20%",10448641175247.5,1189773938.94222,25607418680643.4,23112.3758907101,-15158777505.3959,1189750826.56633,12.7411363513356
"Ambitious","Long LIB Duration","Reference","High Oil and Gas Supply","Reference","40%",10454384636015.4,1093393372.18083,25607418680643.4,23112.3758907101,-15153034044.6279,1093370259.80494,13.8590142806073
"Ambitious","Long LIB Duration","Reference","High Oil and Gas Supply","Reference","60%",10460128096783.4,997012805.419432,25607418680643.4,23112.3758907101,-15147290583.86,996989693.043541,15.1930262564895
"Ambitious","Long LIB Duration","Reference","High Oil and Gas Supply","Reference","80%",10465871557551.4,900632238.658037,25607418680643.4,23112.3758907101,-15141547123.092,900609126.282146,16.8125623883012
"Ambitious","Long LIB Duration","Reference","Low Oil and Gas Supply","Improved MPG","0%",8520337195829.82,1286154543.72492,23702724937309.5,23100.3477906484,-15182387741.4797,1286131443.37713,11.8046936957032
"Ambitious","Long LIB Duration","Reference","Low Oil and Gas Supply","Improved MPG","20%",8526080656597.79,1189773976.96352,23702724937309.5,23100.3477906484,-15176644280.7117,1189750876.61573,12.7561530560767
"Ambitious","Long LIB Duration","Reference","Low Oil and Gas Supply","Improved MPG","40%",8531824117365.77,1093393410.20213,23702724937309.5,23100.3477906484,-15170900819.9437,1093370309.85434,13.8753546563422
"Ambitious","Long LIB Duration","Reference","Low Oil and Gas Supply","Improved MPG","60%",8537567578133.75,997012843.440733,23702724937309.5,23100.3477906484,-15165157359.1757,996989743.092942,15.2109462150826
"Ambitious","Long LIB Duration","Reference","Low Oil and Gas Supply","Improved MPG","80%",8543311038901.72,900632276.679337,23702724937309.5,23100.3477906484,-15159413898.4078,900609176.331547,16.8323999985839
"Ambitious","Long LIB Duration","Reference","Low Oil and Gas Supply","Reference","0%",8520337195829.82,1286154543.72492,25607418680643.4,23112.3758907101,-17087081484.8136,1286131431.34903,13.2856417845965
"Ambitious","Long LIB Duration","Reference","Low Oil and Gas Supply","Reference","20%",8526080656597.79,1189773976.96352,25607418680643.4,23112.3758907101,-17081338024.0456,1189750864.58763,14.3570713268328
"Ambitious","Long LIB Duration","Reference","Low Oil and Gas Supply","Reference","40%",8531824117365.77,1093393410.20213,25607418680643.4,23112.3758907101,-17075594563.2776,1093370297.82624,15.6173938483843
"Ambitious","Long LIB Duration","Reference","Low Oil and Gas Supply","Reference","60%",8537567578133.75,997012843.440733,25607418680643.4,23112.3758907101,-17069851102.5096,996989731.064842,17.1213910942473
"Ambitious","Long LIB Duration","Reference","Low Oil and Gas Supply","Reference","80%",8543311038901.72,900632276.679337,25607418680643.4,23112.3758907101,-17064107641.7417,900609164.303447,18.947295139884
"Ambitious","Long LIB Duration","Reference","Reference case","Improved MPG","0%",9491886848362.59,1286154523.15197,23702724937309.5,23100.3477906484,-14210838088.9469,1286131422.80418,11.0492892382356
"Ambitious","Long LIB Duration","Reference","Reference case","Improved MPG","20%",9497630309130.57,1189773956.39057,23702724937309.5,23100.3477906484,-14205094628.1789,1189750856.04278,11.9395540301827
"Ambitious","Long LIB Duration","Reference","Reference case","Improved MPG","40%",9503373769898.54,1093393389.62918,23702724937309.5,23100.3477906484,-14199351167.4109,1093370289.28139,12.9867724654777
"Ambitious","Long LIB Duration","Reference","Reference case","Improved MPG","60%",9509117230666.52,997012822.867782,23702724937309.5,23100.3477906484,-14193607706.643,996989722.519991,14.2364634118466
"Ambitious","Long LIB Duration","Reference","Reference case","Improved MPG","80%",9514860691434.5,900632256.106387,23702724937309.5,23100.3477906484,-14187864245.875,900609155.758596,15.7536309231992
"Ambitious","Long LIB Duration","Reference","Reference case","Reference","0%",9491886848362.59,1286154523.15197,25607418680643.4,23112.3758907101,-16115531832.2808,1286131410.77608,12.5302373437535
"Ambitious","Long LIB Duration","Reference","Reference case","Reference","20%",9497630309130.57,1189773956.39057,25607418680643.4,23112.3758907101,-16109788371.5128,1189750844.01468,13.5404723203659
"Ambitious","Long LIB Duration","Reference","Reference case","Reference","40%",9503373769898.54,1093393389.62918,25607418680643.4,23112.3758907101,-16104044910.7448,1093370277.25329,14.728811680523
"Ambitious","Long LIB Duration","Reference","Reference case","Reference","60%",9509117230666.52,997012822.867782,25607418680643.4,23112.3758907101,-16098301449.9769,996989710.491891,16.146908318677
"Ambitious","Long LIB Duration","Reference","Reference case","Reference","80%",9514860691434.5,900632256.106387,25607418680643.4,23112.3758907101,-16092557989.2089,900609143.730496,17.8685260984032
"Ambitious","Long LIB Duration","High LIB Capacity","Cambium NREL","Improved MPG","0%",9176210415586.95,1417186140.00587,23702724937309.5,23100.3477906484,-14526514521.7225,1417163039.65808,10.2504186993385
"Ambitious","Long LIB Duration","High LIB Capacity","Cambium NREL","Improved MPG","20%",9182523840753.96,1310899732.40213,23702724937309.5,23100.3477906484,-14520201096.5555,1310876632.05434,11.0767106083813
"Ambitious","Long LIB Duration","High LIB Capacity","Cambium NREL","Improved MPG","40%",9188837265920.96,1204613324.7984,23702724937309.5,23100.3477906484,-14513887671.3885,1204590224.4506,12.0488174125837
"Ambitious","Long LIB Duration","High LIB Capacity","Cambium NREL","Improved MPG","60%",9195150691087.97,1098326917.19466,23702724937309.5,23100.3477906484,-14507574246.2215,1098303816.84687,13.2090720469965
"Ambitious","Long LIB Duration","High LIB Capacity","Cambium NREL","Improved MPG","80%",9201464116254.97,992040509.590924,23702724937309.5,23100.3477906484,-14501260821.0545,992017409.243134,14.6179499330746
"Ambitious","Long LIB Duration","High LIB Capacity","Cambium NREL","Reference","0%",9176210415586.95,1417186140.00587,25607418680643.4,23112.3758907101,-16431208265.0564,1417163027.62998,11.5944375803647
"Ambitious","Long LIB Duration","High LIB Capacity","Cambium NREL","Reference","20%",9182523840753.96,1310899732.40213,25607418680643.4,23112.3758907101,-16424894839.8894,1310876620.02624,12.5297030925463
"Ambitious","Long LIB Duration","High LIB Capacity","Cambium NREL","Reference","40%",9188837265920.96,1204613324.7984,25607418680643.4,23112.3758907101,-16418581414.7224,1204590212.4225,13.6300139627597
"Ambitious","Long LIB Duration","High LIB Capacity","Cambium NREL","Reference","60%",9195150691087.97,1098326917.19466,25607418680643.4,23112.3758907101,-16412267989.5554,1098303804.81877,14.943286108586
"Ambitious","Long LIB Duration","High LIB Capacity","Cambium NREL","Reference","80%",9201464116254.97,992040509.590924,25607418680643.4,23112.3758907101,-16405954564.3884,992017397.215034,16.5379706146748
"Ambitious","Long LIB Duration","High LIB Capacity","High Oil and Gas Supply","Improved MPG","0%",10723656850181.7,1417186126.3195,23702724937309.5,23100.3477906484,-12979068087.1278,1417163025.97171,9.15848624982892
"Ambitious","Long LIB Duration","High LIB Capacity","High Oil and Gas Supply","Improved MPG","20%",10729970275348.7,1310899718.71576,23702724937309.5,23100.3477906484,-12972754661.9608,1310876618.36797,9.89624384185887
"Ambitious","Long LIB Duration","High LIB Capacity","High Oil and Gas Supply","Improved MPG","40%",10736283700515.7,1204613311.11203,23702724937309.5,23100.3477906484,-12966441236.7938,1204590210.76423,10.7641927693962
"Ambitious","Long LIB Duration","High LIB Capacity","High Oil and Gas Supply","Improved MPG","60%",10742597125682.7,1098326903.50829,23702724937309.5,23100.3477906484,-12960127811.6268,1098303803.1605,11.8001301409797
"Ambitious","Long LIB Duration","High LIB Capacity","High Oil and Gas Supply","Improved MPG","80%",10748910550849.7,992040495.904554,23702724937309.5,23100.3477906484,-12953814386.4598,992017395.556764,13.0580516475616
"Ambitious","Long LIB Duration","High LIB Capacity","High Oil and Gas Supply","Reference","0%",10723656850181.7,1417186126.3195,25607418680643.4,23112.3758907101,-14883761830.4617,1417163013.94361,10.5025051345674
"Ambitious","Long LIB Duration","High LIB Capacity","High Oil and Gas Supply","Reference","20%",10729970275348.7,1310899718.71576,25607418680643.4,23112.3758907101,-14877448405.2947,1310876606.33987,11.3492363303625
"Ambitious","Long LIB Duration","High LIB Capacity","High Oil and Gas Supply","Reference","40%",10736283700515.7,1204613311.11203,25607418680643.4,23112.3758907101,-14871134980.1277,1204590198.73613,12.3453893247103
"Ambitious","Long LIB Duration","High LIB Capacity","High Oil and Gas Supply","Reference","60%",10742597125682.7,1098326903.50829,25607418680643.4,23112.3758907101,-14864821554.9607,1098303791.1324,13.5343442087498
"Ambitious","Long LIB Duration","High LIB Capacity","High Oil and Gas Supply","Reference","80%",10748910550849.7,992040495.904554,25607418680643.4,23112.3758907101,-14858508129.7937,992017383.528664,14.9780723367378
"Ambitious","Long LIB Duration","High LIB Capacity","Low Oil and Gas Supply","Improved MPG","0%",8801096331531.99,1417186164.3408,23702724937309.5,23100.3477906484,-14901628605.7775,1417163063.99301,10.5151121874363
"Ambitious","Long LIB Duration","High LIB Capacity","Low Oil and Gas Supply","Improved MPG","20%",8807409756699,1310899756.73706,23702724937309.5,23100.3477906484,-14895315180.6105,1310876656.38927,11.3628655358306
"Ambitious","Long LIB Duration","High LIB Capacity","Low Oil and Gas Supply","Improved MPG","40%",8813723181866.01,1204613349.13333,23702724937309.5,23100.3477906484,-14889001755.4435,1204590248.78554,12.3602210547981
"Ambitious","Long LIB Duration","High LIB Capacity","Low Oil and Gas Supply","Improved MPG","60%",8820036607033.01,1098326941.52959,23702724937309.5,23100.3477906484,-14882688330.2765,1098303841.1818,13.5506111990488
"Ambitious","Long LIB Duration","High LIB Capacity","Low Oil and Gas Supply","Improved MPG","80%",8826350032200.02,992040533.925855,23702724937309.5,23100.3477906484,-14876374905.1095,992017433.578064,14.9960821267551
"Ambitious","Long LIB Duration","High LIB Capacity","Low Oil and Gas Supply","Reference","0%",8801096331531.99,1417186164.3408,25607418680643.4,23112.3758907101,-16806322349.1114,1417163051.96491,11.8591310476302
"Ambitious","Long LIB Duration","High LIB Capacity","Low Oil and Gas Supply","Reference","20%",8807409756699,1310899756.73706,25607418680643.4,23112.3758907101,-16800008923.9444,1310876644.36117,12.815857995648
"Ambitious","Long LIB Duration","High LIB Capacity","Low Oil and Gas Supply","Reference","40%",8813723181866.01,1204613349.13333,25607418680643.4,23112.3758907101,-16793695498.7774,1204590236.75744,13.9414175761405
"Ambitious","Long LIB Duration","High LIB Capacity","Low Oil and Gas Supply","Reference","60%",8820036607033.01,1098326941.52959,25607418680643.4,23112.3758907101,-16787382073.6104,1098303829.1537,15.284825225954
"Ambitious","Long LIB Duration","High LIB Capacity","Low Oil and Gas Supply","Reference","80%",8826350032200.02,992040533.925855,25607418680643.4,23112.3758907101,-16781068648.4434,992017421.549964,16.9161027658405
"Ambitious","Long LIB Duration","High LIB Capacity","Reference case","Improved MPG","0%",9772645984064.77,1417186143.76785,23702724937309.5,23100.3477906484,-13930078953.2447,1417163043.42006,9.82955279417045
"Ambitious","Long LIB Duration","High LIB Capacity","Reference case","Improved MPG","20%",9778959409231.78,1310899736.16411,23702724937309.5,23100.3477906484,-13923765528.0777,1310876635.81632,10.6217207230999
"Ambitious","Long LIB Duration","High LIB Capacity","Reference case","Improved MPG","40%",9785272834398.78,1204613328.56038,23702724937309.5,23100.3477906484,-13917452102.9107,1204590228.21258,11.5536817225904
"Ambitious","Long LIB Duration","High LIB Capacity","Reference case","Improved MPG","60%",9791586259565.79,1098326920.95664,23702724937309.5,23100.3477906484,-13911138677.7437,1098303820.60885,12.6660204733076
"Ambitious","Long LIB Duration","High LIB Capacity","Reference case","Improved MPG","80%",9797899684732.79,992040513.352904,23702724937309.5,23100.3477906484,-13904825252.5767,992017413.005114,14.0167148986376
"Ambitious","Long LIB Duration","High LIB Capacity","Reference case","Reference","0%",9772645984064.77,1417186143.76785,25607418680643.4,23112.3758907101,-15834772696.5786,1417163031.39196,11.1735716680568
"Ambitious","Long LIB Duration","High LIB Capacity","Reference case","Reference","20%",9778959409231.78,1310899736.16411,25607418680643.4,23112.3758907101,-15828459271.4116,1310876623.78822,12.0747131989202
"Ambitious","Long LIB Duration","High LIB Capacity","Reference case","Reference","40%",9785272834398.78,1204613328.56038,25607418680643.4,23112.3758907101,-15822145846.2446,1204590216.18448,13.1348782628842
"Ambitious","Long LIB Duration","High LIB Capacity","Reference case","Reference","60%",9791586259565.79,1098326920.95664,25607418680643.4,23112.3758907101,-15815832421.0776,1098303808.58075,14.4002345230097
"Ambitious","Long LIB Duration","High LIB Capacity","Reference case","Reference","80%",9797899684732.79,992040513.352904,25607418680643.4,23112.3758907101,-15809518995.9106,992017400.977014,15.9367355656667
"Ambitious","Long LIB Duration","Low LIB Capacity","Cambium NREL","Improved MPG","0%",8503022280393.16,1101340056.50469,23702724937309.5,23100.3477906484,-15199702656.9163,1101316956.1569,13.8013880308866
"Ambitious","Long LIB Duration","Low LIB Capacity","Cambium NREL","Improved MPG","20%",8507945503723.98,1018838193.51402,23702724937309.5,23100.3477906484,-15194779433.5855,1018815093.16623,14.9141679736642
"Ambitious","Long LIB Duration","Low LIB Capacity","Cambium NREL","Improved MPG","40%",8512868727054.8,936336330.523344,23702724937309.5,23100.3477906484,-15189856210.2547,936313230.175554,16.2230498520315
"Ambitious","Long LIB Duration","Low LIB Capacity","Cambium NREL","Improved MPG","60%",8517791950385.62,853834467.53267,23702724937309.5,23100.3477906484,-15184932986.9239,853811367.184879,17.7848803266586
"Ambitious","Long LIB Duration","Low LIB Capacity","Cambium NREL","Improved MPG","80%",8522715173716.44,771332604.541995,23702724937309.5,23100.3477906484,-15180009763.593,771309504.194205,19.6808280995471
"Ambitious","Long LIB Duration","Low LIB Capacity","Cambium NREL","Reference","0%",8503022280393.16,1101340056.50469,25607418680643.4,23112.3758907101,-17104396400.2502,1101316944.1288,15.530857389814
"Ambitious","Long LIB Duration","Low LIB Capacity","Cambium NREL","Reference","20%",8507945503723.98,1018838193.51402,25607418680643.4,23112.3758907101,-17099473176.9194,1018815081.13813,16.7836867489411
"Ambitious","Long LIB Duration","Low LIB Capacity","Cambium NREL","Reference","40%",8512868727054.8,936336330.523344,25607418680643.4,23112.3758907101,-17094549953.5886,936313218.147454,18.2572985431211
"Ambitious","Long LIB Duration","Low LIB Capacity","Cambium NREL","Reference","60%",8517791950385.62,853834467.53267,25607418680643.4,23112.3758907101,-17089626730.2578,853811355.156779,20.0156938965982
"Ambitious","Long LIB Duration","Low LIB Capacity","Cambium NREL","Reference","80%",8522715173716.44,771332604.541995,25607418680643.4,23112.3758907101,-17084703506.9269,771309492.166104,22.1502570374794
"Ambitious","Long LIB Duration","Low LIB Capacity","High Oil and Gas Supply","Improved MPG","0%",10050468714987.9,1101340042.81832,23702724937309.5,23100.3477906484,-13652256222.3216,1101316942.47053,12.3963009156076
"Ambitious","Long LIB Duration","Low LIB Capacity","High Oil and Gas Supply","Improved MPG","20%",10055391938318.7,1018838179.82765,23702724937309.5,23100.3477906484,-13647332998.9908,1018815079.47986,13.3952993765642
"Ambitious","Long LIB Duration","Low LIB Capacity","High Oil and Gas Supply","Improved MPG","40%",10060315161649.5,936336316.836974,23702724937309.5,23100.3477906484,-13642409775.66,936313216.489184,14.5703483998803
"Ambitious","Long LIB Duration","Low LIB Capacity","High Oil and Gas Supply","Improved MPG","60%",10065238384980.3,853834453.8463,23702724937309.5,23100.3477906484,-13637486552.3291,853811353.498509,15.972482090393
"Ambitious","Long LIB Duration","Low LIB Capacity","High Oil and Gas Supply","Improved MPG","80%",10070161608311.2,771332590.855625,23702724937309.5,23100.3477906484,-13632563328.9983,771309490.507834,17.6745696724444
"Ambitious","Long LIB Duration","Low LIB Capacity","High Oil and Gas Supply","Reference","0%",10050468714987.9,1101340042.81832,25607418680643.4,23112.3758907101,-15556949965.6555,1101316930.44243,14.1257702806819
"Ambitious","Long LIB Duration","Low LIB Capacity","High Oil and Gas Supply","Reference","20%",10055391938318.7,1018838179.82765,25607418680643.4,23112.3758907101,-15552026742.3247,1018815067.45176,15.2648181590238
"Ambitious","Long LIB Duration","Low LIB Capacity","High Oil and Gas Supply","Reference","40%",10060315161649.5,936336316.836974,25607418680643.4,23112.3758907101,-15547103518.9939,936313204.461083,16.6045970994742
"Ambitious","Long LIB Duration","Low LIB Capacity","High Oil and Gas Supply","Reference","60%",10065238384980.3,853834453.8463,25607418680643.4,23112.3758907101,-15542180295.663,853811341.470409,18.2032956705597
"Ambitious","Long LIB Duration","Low LIB Capacity","High Oil and Gas Supply","Reference","80%",10070161608311.2,771332590.855625,25607418680643.4,23112.3758907101,-15537257072.3322,771309478.479734,20.1439986229087
"Ambitious","Long LIB Duration","Low LIB Capacity","Low Oil and Gas Supply","Improved MPG","0%",8127908196338.2,1101340080.83962,23702724937309.5,23100.3477906484,-15574816740.9713,1101316980.49183,14.1419927385627
"Ambitious","Long LIB Duration","Low LIB Capacity","Low Oil and Gas Supply","Improved MPG","20%",8132831419669.02,1018838217.84895,23702724937309.5,23100.3477906484,-15569893517.6405,1018815117.50116,15.2823542271621
"Ambitious","Long LIB Duration","Low LIB Capacity","Low Oil and Gas Supply","Improved MPG","40%",8137754642999.84,936336354.858275,23702724937309.5,23100.3477906484,-15564970294.3096,936313254.510484,16.6236782608051
"Ambitious","Long LIB Duration","Low LIB Capacity","Low Oil and Gas Supply","Improved MPG","60%",8142677866330.67,853834491.8676,23702724937309.5,23100.3477906484,-15560047070.9788,853811391.51981,18.2242205076246
"Ambitious","Long LIB Duration","Low LIB Capacity","Low Oil and Gas Supply","Improved MPG","80%",8147601089661.49,771332628.876926,23702724937309.5,23100.3477906484,-15555123847.648,771309528.529135,20.167161525038
"Ambitious","Long LIB Duration","Low LIB Capacity","Low Oil and Gas Supply","Reference","0%",8127908196338.2,1101340080.83962,25607418680643.4,23112.3758907101,-17479510484.3052,1101316968.46373,15.8714620629953
"Ambitious","Long LIB Duration","Low LIB Capacity","Low Oil and Gas Supply","Reference","20%",8132831419669.02,1018838217.84895,25607418680643.4,23112.3758907101,-17474587260.9744,1018815105.47306,17.1518729621313
"Ambitious","Long LIB Duration","Low LIB Capacity","Low Oil and Gas Supply","Reference","40%",8137754642999.84,936336354.858275,25607418680643.4,23112.3758907101,-17469664037.6435,936313242.482384,18.6579269041709
"Ambitious","Long LIB Duration","Low LIB Capacity","Low Oil and Gas Supply","Reference","60%",8142677866330.67,853834491.8676,25607418680643.4,23112.3758907101,-17464740814.3127,853811379.49171,20.4550340201718
"Ambitious","Long LIB Duration","Low LIB Capacity","Low Oil and Gas Supply","Reference","80%",8147601089661.49,771332628.876926,25607418680643.4,23112.3758907101,-17459817590.9819,771309516.501035,22.6365903926436
"Ambitious","Long LIB Duration","Low LIB Capacity","Reference case","Improved MPG","0%",9099457848870.98,1101340060.26667,23702724937309.5,23100.3477906484,-14603267088.4385,1101316959.91888,13.2598222127752
"Ambitious","Long LIB Duration","Low LIB Capacity","Reference case","Improved MPG","20%",9104381072201.8,1018838197.276,23702724937309.5,23100.3477906484,-14598343865.1077,1018815096.92821,14.3287470995695
"Ambitious","Long LIB Duration","Low LIB Capacity","Reference case","Improved MPG","40%",9109304295532.62,936336334.285324,23702724937309.5,23100.3477906484,-14593420641.7769,936313233.937534,15.5860454736993
"Ambitious","Long LIB Duration","Low LIB Capacity","Reference case","Improved MPG","60%",9114227518863.44,853834471.29465,23702724937309.5,23100.3477906484,-14588497418.446,853811370.946859,17.0863236481235
"Ambitious","Long LIB Duration","Low LIB Capacity","Reference case","Improved MPG","80%",9119150742194.26,771332608.303975,23702724937309.5,23100.3477906484,-14583574195.1152,771309507.956184,18.9075514364639
"Ambitious","Long LIB Duration","Low LIB Capacity","Reference case","Reference","0%",9099457848870.98,1101340060.26667,25607418680643.4,23112.3758907101,-16507960831.7724,1101316947.89078,14.9892915598803
"Ambitious","Long LIB Duration","Low LIB Capacity","Reference case","Reference","20%",9104381072201.8,1018838197.276,25607418680643.4,23112.3758907101,-16503037608.4416,1018815084.90011,16.1982658610317
"Ambitious","Long LIB Duration","Low LIB Capacity","Reference case","Reference","40%",9109304295532.62,936336334.285324,25607418680643.4,23112.3758907101,-16498114385.1108,936313221.909433,17.6202941484325
"Ambitious","Long LIB Duration","Low LIB Capacity","Reference case","Reference","60%",9114227518863.44,853834471.29465,25607418680643.4,23112.3758907101,-16493191161.7799,853811358.918759,19.3171371983929
"Ambitious","Long LIB Duration","Low LIB Capacity","Reference case","Reference","80%",9119150742194.26,771332608.303975,25607418680643.4,23112.3758907101,-16488267938.4491,771309495.928084,21.3769803502931
"Ambitious","Reference","Reference","Cambium NREL","Improved MPG","0%",9106719663186.6,1430186703.66289,23026269431545.3,23211.0264514974,-13919549768.3587,1430163492.63644,9.73283812656883
"Ambitious","Reference","Reference","Cambium NREL","Improved MPG","20%",9114842895565.76,1293899958.14122,23026269431545.3,23211.0264514974,-13911426535.9796,1293876747.11477,10.7517401228524
"Ambitious","Reference","Reference","Cambium NREL","Improved MPG","40%",9122966127944.91,1157613212.61955,23026269431545.3,23211.0264514974,-13903303303.6004,1157590001.5931,12.0105592519514
"Ambitious","Reference","Reference","Cambium NREL","Improved MPG","60%",9131089360324.07,1021326467.09788,23026269431545.3,23211.0264514974,-13895180071.2213,1021303256.07143,13.6053419869343
"Ambitious","Reference","Reference","Cambium NREL","Improved MPG","80%",9139212592703.22,885039721.57621,23026269431545.3,23211.0264514974,-13887056838.8421,885016510.549759,15.6912969117556
"Ambitious","Reference","Reference","Cambium NREL","Reference","0%",9106719663186.6,1430186703.66289,24892927868953.3,23222.8143594195,-15786208205.7667,1430163480.84853,11.0380445432718
"Ambitious","Reference","Reference","Cambium NREL","Reference","20%",9114842895565.76,1293899958.14122,24892927868953.3,23222.8143594195,-15778084973.3875,1293876735.32686,12.1944266734201
"Ambitious","Reference","Reference","Cambium NREL","Reference","40%",9122966127944.91,1157613212.61955,24892927868953.3,23222.8143594195,-15769961741.0084,1157589989.80519,13.6230978843056
"Ambitious","Reference","Reference","Cambium NREL","Reference","60%",9131089360324.07,1021326467.09788,24892927868953.3,23222.8143594195,-15761838508.6292,1021303244.28352,15.4330641725188
"Ambitious","Reference","Reference","Cambium NREL","Reference","80%",9139212592703.22,885039721.57621,24892927868953.3,23222.8143594195,-15753715276.2501,885016498.761851,17.8004763733667
"Ambitious","Reference","Reference","High Oil and Gas Supply","Improved MPG","0%",10609372319071.5,1430186690.35708,23026269431545.3,23211.0264514974,-12416897112.4738,1430163479.33063,8.68215227974175
"Ambitious","Reference","Reference","High Oil and Gas Supply","Improved MPG","20%",10617495551450.7,1293899944.83541,23026269431545.3,23211.0264514974,-12408773880.0947,1293876733.80896,9.59038334630631
"Ambitious","Reference","Reference","High Oil and Gas Supply","Improved MPG","40%",10625618783829.8,1157613199.31374,23026269431545.3,23211.0264514974,-12400650647.7155,1157589988.28729,10.712472268409
"Ambitious","Reference","Reference","High Oil and Gas Supply","Improved MPG","60%",10633742016209,1021326453.79207,23026269431545.3,23211.0264514974,-12392527415.3363,1021303242.76562,12.1340331611777
"Ambitious","Reference","Reference","High Oil and Gas Supply","Improved MPG","80%",10641865248588.2,885039708.270403,23026269431545.3,23211.0264514974,-12384404182.9572,885016497.243952,13.9934161922673
"Ambitious","Reference","Reference","High Oil and Gas Supply","Reference","0%",10609372319071.5,1430186690.35708,24892927868953.3,23222.8143594195,-14283555549.8818,1430163467.54272,9.98735869992784
"Ambitious","Reference","Reference","High Oil and Gas Supply","Reference","20%",10617495551450.7,1293899944.83541,24892927868953.3,23222.8143594195,-14275432317.5026,1293876722.02105,11.0330699011295
"Ambitious","Reference","Reference","High Oil and Gas Supply","Reference","40%",10625618783829.8,1157613199.31374,24892927868953.3,23222.8143594195,-14267309085.1234,1157589976.49938,12.3250109060797
"Ambitious","Reference","Reference","High Oil and Gas Supply","Reference","60%",10633742016209,1021326453.79207,24892927868953.3,23222.8143594195,-14259185852.7443,1021303230.97771,13.9617553535924
"Ambitious","Reference","Reference","High Oil and Gas Supply","Reference","80%",10641865248588.2,885039708.270403,24892927868953.3,23222.8143594195,-14251062620.3651,885016485.456044,16.1025956629742
"Ambitious","Reference","Reference","Low Oil and Gas Supply","Improved MPG","0%",8749130352232.24,1430186727.17463,23026269431545.3,23211.0264514974,-14277139079.3131,1430163516.14818,9.9828718311633
"Ambitious","Reference","Reference","Low Oil and Gas Supply","Improved MPG","20%",8757253584611.4,1293899981.65296,23026269431545.3,23211.0264514974,-14269015846.9339,1293876770.62651,11.0281103818138
"Ambitious","Reference","Reference","Low Oil and Gas Supply","Improved MPG","40%",8765376816990.55,1157613236.13129,23026269431545.3,23211.0264514974,-14260892614.5548,1157590025.10484,12.3194674325768
"Ambitious","Reference","Reference","Low Oil and Gas Supply","Improved MPG","60%",8773500049369.71,1021326490.60962,23026269431545.3,23211.0264514974,-14252769382.1756,1021303279.58317,13.9554720591837
"Ambitious","Reference","Reference","Low Oil and Gas Supply","Improved MPG","80%",8781623281748.86,885039745.087952,23026269431545.3,23211.0264514974,-14244646149.7965,885016534.0615,16.0953446648338
"Ambitious","Reference","Reference","Low Oil and Gas Supply","Reference","0%",8749130352232.24,1430186727.17463,24892927868953.3,23222.8143594195,-16143797516.721,1430163504.36027,11.2880782284697
"Ambitious","Reference","Reference","Low Oil and Gas Supply","Reference","20%",8757253584611.4,1293899981.65296,24892927868953.3,23222.8143594195,-16135674284.3419,1293876758.8386,12.4707969086835
"Ambitious","Reference","Reference","Low Oil and Gas Supply","Reference","40%",8765376816990.55,1157613236.13129,24892927868953.3,23222.8143594195,-16127551051.9627,1157590013.31693,13.9320060353244
"Ambitious","Reference","Reference","Low Oil and Gas Supply","Reference","60%",8773500049369.71,1021326490.60962,24892927868953.3,23222.8143594195,-16119427819.5836,1021303267.79526,15.7831942067329
"Ambitious","Reference","Reference","Low Oil and Gas Supply","Reference","80%",8781623281748.86,885039745.087952,24892927868953.3,23222.8143594195,-16111304587.2044,885016522.273592,18.2045240757933
"Ambitious","Reference","Reference","Reference case","Improved MPG","0%",9690428156709.48,1430186707.2198,23026269431545.3,23211.0264514974,-13335841274.8359,1430163496.19335,9.32469700865089
"Ambitious","Reference","Reference","Reference case","Improved MPG","20%",9698551389088.64,1293899961.69813,23026269431545.3,23211.0264514974,-13327718042.4567,1293876750.67168,10.300608644168
"Ambitious","Reference","Reference","Reference case","Improved MPG","40%",9706674621467.79,1157613216.17647,23026269431545.3,23211.0264514974,-13319594810.0775,1157590005.15001,11.5063146285126
"Ambitious","Reference","Reference","Reference case","Improved MPG","60%",9714797853846.95,1021326470.6548,23026269431545.3,23211.0264514974,-13311471577.6984,1021303259.62835,13.0338089614464
"Ambitious","Reference","Reference","Reference case","Improved MPG","80%",9722921086226.1,885039725.133127,23026269431545.3,23211.0264514974,-13303348345.3192,885016514.106676,15.0317515360123
"Ambitious","Reference","Reference","Reference case","Reference","0%",9690428156709.48,1430186707.2198,24892927868953.3,23222.8143594195,-15202499712.2438,1430163484.40544,10.6299034187437
"Ambitious","Reference","Reference","Reference case","Reference","20%",9698551389088.64,1293899961.69813,24892927868953.3,23222.8143594195,-15194376479.8646,1293876738.88378,11.7432951866596
"Ambitious","Reference","Reference","Reference case","Reference","40%",9706674621467.79,1157613216.17647,24892927868953.3,23222.8143594195,-15186253247.4855,1157589993.36211,13.1188532507771
"Ambitious","Reference","Reference","Reference case","Reference","60%",9714797853846.95,1021326470.6548,24892927868953.3,23222.8143594195,-15178130015.1063,1021303247.84044,14.8615311340689
"Ambitious","Reference","Reference","Reference case","Reference","80%",9722921086226.1,885039725.133127,24892927868953.3,23222.8143594195,-15170006782.7272,885016502.318768,17.1409309803618
"Ambitious","Reference","High LIB Capacity","Cambium NREL","Improved MPG","0%",9419001078973.92,1575929038.12511,23026269431545.3,23211.0264514974,-13607268352.5714,1575905827.09866,8.63456947654241
"Ambitious","Reference","High LIB Capacity","Cambium NREL","Improved MPG","20%",9427927975396.5,1425677907.12447,23026269431545.3,23211.0264514974,-13598341456.1488,1425654696.09802,9.53831351544462
"Ambitious","Reference","High LIB Capacity","Cambium NREL","Improved MPG","40%",9436854871819.07,1275426776.12383,23026269431545.3,23211.0264514974,-13589414559.7263,1275403565.09738,10.6549918250296
"Ambitious","Reference","High LIB Capacity","Cambium NREL","Improved MPG","60%",9445781768241.64,1125175645.12319,23026269431545.3,23211.0264514974,-13580487663.3037,1125152434.09674,12.0699091534259
"Ambitious","Reference","High LIB Capacity","Cambium NREL","Improved MPG","80%",9454708664664.21,974924514.122555,23026269431545.3,23211.0264514974,-13571560766.8811,974901303.096104,13.9209586896442
"Ambitious","Reference","High LIB Capacity","Cambium NREL","Reference","0%",9419001078973.92,1575929038.12511,24892927868953.3,23222.8143594195,-15473926789.9794,1575905815.31075,9.81906827149316
"Ambitious","Reference","High LIB Capacity","Cambium NREL","Reference","20%",9427927975396.5,1425677907.12447,24892927868953.3,23222.8143594195,-15464999893.5568,1425654684.31011,10.8476477956094
"Ambitious","Reference","High LIB Capacity","Cambium NREL","Reference","40%",9436854871819.07,1275426776.12383,24892927868953.3,23222.8143594195,-15456072997.1342,1275403553.30947,12.1185745147315
"Ambitious","Reference","High LIB Capacity","Cambium NREL","Reference","60%",9445781768241.64,1125175645.12319,24892927868953.3,23222.8143594195,-15447146100.7116,1125152422.30883,13.7289364484625
"Ambitious","Reference","High LIB Capacity","Cambium NREL","Reference","80%",9454708664664.21,974924514.122555,24892927868953.3,23222.8143594195,-15438219204.2891,974901291.308196,15.8356741774061
"Ambitious","Reference","High LIB Capacity","High Oil and Gas Supply","Improved MPG","0%",10921653734858.9,1575929024.8193,23026269431545.3,23211.0264514974,-12104615696.6865,1575905813.79285,7.68105275755877
"Ambitious","Reference","High LIB Capacity","High Oil and Gas Supply","Improved MPG","20%",10930580631281.4,1425677893.81867,23026269431545.3,23211.0264514974,-12095688800.2639,1425654682.79221,8.4843047522377
"Ambitious","Reference","High LIB Capacity","High Oil and Gas Supply","Improved MPG","40%",10939507527704,1275426762.81803,23026269431545.3,23211.0264514974,-12086761903.8413,1275403551.79157,9.47681374013967
"Ambitious","Reference","High LIB Capacity","High Oil and Gas Supply","Improved MPG","60%",10948434424126.6,1125175631.81739,23026269431545.3,23211.0264514974,-12077835007.4188,1125152420.79094,10.7343989882976
"Ambitious","Reference","High LIB Capacity","High Oil and Gas Supply","Improved MPG","80%",10957361320549.1,974924500.816748,23026269431545.3,23211.0264514974,-12068908110.9962,974901289.790297,12.3796206214808
"Ambitious","Reference","High LIB Capacity","High Oil and Gas Supply","Reference","0%",10921653734858.9,1575929024.8193,24892927868953.3,23222.8143594195,-13971274134.0944,1575905802.00495,8.86555155537818
"Ambitious","Reference","High LIB Capacity","High Oil and Gas Supply","Reference","20%",10930580631281.4,1425677893.81867,24892927868953.3,23222.8143594195,-13962347237.6719,1425654671.00431,9.79363903590766
"Ambitious","Reference","High LIB Capacity","High Oil and Gas Supply","Reference","40%",10939507527704,1275426762.81803,24892927868953.3,23222.8143594195,-13953420341.2493,1275403540.00367,10.9403964342213
"Ambitious","Reference","High LIB Capacity","High Oil and Gas Supply","Reference","60%",10948434424126.6,1125175631.81739,24892927868953.3,23222.8143594195,-13944493444.8267,1125152409.00303,12.3934262889617
"Ambitious","Reference","High LIB Capacity","High Oil and Gas Supply","Reference","80%",10957361320549.1,974924500.816748,24892927868953.3,23222.8143594195,-13935566548.4041,974901278.002389,14.2943361167386
"Ambitious","Reference","High LIB Capacity","Low Oil and Gas Supply","Improved MPG","0%",9061411768019.56,1575929061.63685,23026269431545.3,23211.0264514974,-13964857663.5258,1575905850.6104,8.86147967412946
"Ambitious","Reference","High LIB Capacity","Low Oil and Gas Supply","Improved MPG","20%",9070338664442.14,1425677930.63621,23026269431545.3,23211.0264514974,-13955930767.1032,1425654719.60976,9.78913798351068
"Ambitious","Reference","High LIB Capacity","Low Oil and Gas Supply","Improved MPG","40%",9079265560864.71,1275426799.63557,23026269431545.3,23211.0264514974,-13947003870.6806,1275403588.60912,10.9353650838401
"Ambitious","Reference","High LIB Capacity","Low Oil and Gas Supply","Improved MPG","60%",9088192457287.28,1125175668.63494,23026269431545.3,23211.0264514974,-13938076974.2581,1125152457.60848,12.3877229970092
"Ambitious","Reference","High LIB Capacity","Low Oil and Gas Supply","Improved MPG","80%",9097119353709.85,974924537.634297,23026269431545.3,23211.0264514974,-13929150077.8355,974901326.607845,14.2877537425267
"Ambitious","Reference","High LIB Capacity","Low Oil and Gas Supply","Reference","0%",9061411768019.56,1575929061.63685,24892927868953.3,23222.8143594195,-15831516100.9337,1575905838.82249,10.0459784531054
"Ambitious","Reference","High LIB Capacity","Low Oil and Gas Supply","Reference","20%",9070338664442.14,1425677930.63621,24892927868953.3,23222.8143594195,-15822589204.5111,1425654707.82185,11.098472244156
"Ambitious","Reference","High LIB Capacity","Low Oil and Gas Supply","Reference","40%",9079265560864.71,1275426799.63557,24892927868953.3,23222.8143594195,-15813662308.0886,1275403576.82122,12.3989477491526
"Ambitious","Reference","High LIB Capacity","Low Oil and Gas Supply","Reference","60%",9088192457287.28,1125175668.63494,24892927868953.3,23222.8143594195,-15804735411.666,1125152445.82058,14.0467502607076
"Ambitious","Reference","High LIB Capacity","Low Oil and Gas Supply","Reference","80%",9097119353709.85,974924537.634297,24892927868953.3,23222.8143594195,-15795808515.2434,974901314.819937,16.2024691885464
"Ambitious","Reference","High LIB Capacity","Reference case","Improved MPG","0%",10002709572496.8,1575929041.68203,23026269431545.3,23211.0264514974,-13023559859.0485,1575905830.65558,8.2641739155383
"Ambitious","Reference","High LIB Capacity","Reference case","Improved MPG","20%",10011636468919.4,1425677910.68139,23026269431545.3,23211.0264514974,-13014632962.626,1425654699.65494,9.12888160490475
"Ambitious","Reference","High LIB Capacity","Reference case","Improved MPG","40%",10020563365341.9,1275426779.68075,23026269431545.3,23211.0264514974,-13005706066.2034,1275403568.6543,10.1973260745428
"Ambitious","Reference","High LIB Capacity","Reference case","Improved MPG","60%",10029490261764.5,1125175648.68011,23026269431545.3,23211.0264514974,-12996779169.7808,1125152437.65366,11.5511274160181
"Ambitious","Reference","High LIB Capacity","Reference case","Improved MPG","80%",10038417158187.1,974924517.679472,23026269431545.3,23211.0264514974,-12987852273.3582,974901306.653021,13.3222226544628
"Ambitious","Reference","High LIB Capacity","Reference case","Reference","0%",10002709572496.8,1575929041.68203,24892927868953.3,23222.8143594195,-14890218296.4565,1575905818.86767,9.44867270504497
"Ambitious","Reference","High LIB Capacity","Reference case","Reference","20%",10011636468919.4,1425677910.68139,24892927868953.3,23222.8143594195,-14881291400.0339,1425654687.86703,10.4382158784175
"Ambitious","Reference","High LIB Capacity","Reference case","Reference","40%",10020563365341.9,1275426779.68075,24892927868953.3,23222.8143594195,-14872364503.6113,1275403556.86639,11.660908755933
"Ambitious","Reference","High LIB Capacity","Reference case","Reference","60%",10029490261764.5,1125175648.68011,24892927868953.3,23222.8143594195,-14863437607.1888,1125152425.86575,13.210154700375
"Ambitious","Reference","High LIB Capacity","Reference case","Reference","80%",10038417158187.1,974924517.679472,24892927868953.3,23222.8143594195,-14854510710.7662,974901294.865113,15.2369381279994
"Ambitious","Reference","Low LIB Capacity","Cambium NREL","Improved MPG","0%",8670314120104.55,1224662820.88945,23026269431545.3,23211.0264514974,-14355955311.4408,1224639609.863,11.7225959342004
"Ambitious","Reference","Low LIB Capacity","Cambium NREL","Improved MPG","20%",8677278079080.49,1107986837.57362,23026269431545.3,23211.0264514974,-14348991352.4648,1107963626.54717,12.9507783546846
"Ambitious","Reference","Low LIB Capacity","Cambium NREL","Improved MPG","40%",8684242038056.42,991310854.257784,23026269431545.3,23211.0264514974,-14342027393.4889,991287643.231333,14.4680784547437
"Ambitious","Reference","Low LIB Capacity","Cambium NREL","Improved MPG","60%",8691205997032.35,874634870.941951,23026269431545.3,23211.0264514974,-14335063434.513,874611659.915499,16.3902038944895
"Ambitious","Reference","Low LIB Capacity","Cambium NREL","Improved MPG","80%",8698169956008.29,757958887.626117,23026269431545.3,23211.0264514974,-14328099475.5371,757935676.599666,18.9041100952225
"Ambitious","Reference","Low LIB Capacity","Cambium NREL","Reference","0%",8670314120104.55,1224662820.88945,24892927868953.3,23222.8143594195,-16222613748.8487,1224639598.07509,13.246847296419
"Ambitious","Reference","Low LIB Capacity","Cambium NREL","Reference","20%",8677278079080.49,1107986837.57362,24892927868953.3,23222.8143594195,-16215649789.8728,1107963614.75926,14.6355435989621
"Ambitious","Reference","Low LIB Capacity","Cambium NREL","Reference","40%",8684242038056.42,991310854.257784,24892927868953.3,23222.8143594195,-16208685830.8969,991287631.443425,16.3511430151663
"Ambitious","Reference","Low LIB Capacity","Cambium NREL","Reference","60%",8691205997032.35,874634870.941951,24892927868953.3,23222.8143594195,-16201721871.9209,874611648.127591,18.5244752989585
"Ambitious","Reference","Low LIB Capacity","Cambium NREL","Reference","80%",8698169956008.29,757958887.626117,24892927868953.3,23222.8143594195,-16194757912.945,757935664.811758,21.3669294965387
"Ambitious","Reference","Low LIB Capacity","High Oil and Gas Supply","Improved MPG","0%",10172966775989.5,1224662807.58364,23026269431545.3,23211.0264514974,-12853302655.5559,1224639596.55719,10.4955798356432
"Ambitious","Reference","Low LIB Capacity","High Oil and Gas Supply","Improved MPG","20%",10179930734965.4,1107986824.26781,23026269431545.3,23211.0264514974,-12846338696.5799,1107963613.24136,11.5945492641205
"Ambitious","Reference","Low LIB Capacity","High Oil and Gas Supply","Improved MPG","40%",10186894693941.3,991310840.951977,23026269431545.3,23211.0264514974,-12839374737.604,991287629.925526,12.9522192651275
"Ambitious","Reference","Low LIB Capacity","High Oil and Gas Supply","Improved MPG","60%",10193858652917.3,874634857.636144,23026269431545.3,23211.0264514974,-12832410778.6281,874611646.609692,14.6721242832417
"Ambitious","Reference","Low LIB Capacity","High Oil and Gas Supply","Improved MPG","80%",10200822611893.2,757958874.320311,23026269431545.3,23211.0264514974,-12825446819.6521,757935663.293859,16.9215507869295
"Ambitious","Reference","Low LIB Capacity","High Oil and Gas Supply","Reference","0%",10172966775989.5,1224662807.58364,24892927868953.3,23222.8143594195,-14719961092.9638,1224639584.76928,12.0198312026121
"Ambitious","Reference","Low LIB Capacity","High Oil and Gas Supply","Reference","20%",10179930734965.4,1107986824.26781,24892927868953.3,23222.8143594195,-14712997133.9879,1107963601.45345,13.2793145142016
"Ambitious","Reference","Low LIB Capacity","High Oil and Gas Supply","Reference","40%",10186894693941.3,991310840.951977,24892927868953.3,23222.8143594195,-14706033175.0119,991287618.137618,14.8352838328001
"Ambitious","Reference","Low LIB Capacity","High Oil and Gas Supply","Reference","60%",10193858652917.3,874634857.636144,24892927868953.3,23222.8143594195,-14699069216.036,874611634.821784,16.806395697024
"Ambitious","Reference","Low LIB Capacity","High Oil and Gas Supply","Reference","80%",10200822611893.2,757958874.320311,24892927868953.3,23222.8143594195,-14692105257.0601,757935651.505951,19.3843702006472
"Ambitious","Reference","Low LIB Capacity","Low Oil and Gas Supply","Improved MPG","0%",8312724809150.2,1224662844.40119,23026269431545.3,23211.0264514974,-14713544622.3951,1224639633.37474,12.0145912490591
"Ambitious","Reference","Low LIB Capacity","Low Oil and Gas Supply","Improved MPG","20%",8319688768126.13,1107986861.08536,23026269431545.3,23211.0264514974,-14706580663.4192,1107963650.05891,13.2735227032379
"Ambitious","Reference","Low LIB Capacity","Low Oil and Gas Supply","Improved MPG","40%",8326652727102.06,991310877.769526,23026269431545.3,23211.0264514974,-14699616704.4433,991287666.743074,14.8288102410672
"Ambitious","Reference","Low LIB Capacity","Low Oil and Gas Supply","Improved MPG","60%",8333616686077.99,874634894.453692,23026269431545.3,23211.0264514974,-14692652745.4673,874611683.427241,16.799058398
"Ambitious","Reference","Low LIB Capacity","Low Oil and Gas Supply","Improved MPG","80%",8340580645053.93,757958911.137859,23026269431545.3,23211.0264514974,-14685688786.4914,757935700.111408,19.3759032386689
"Ambitious","Reference","Low LIB Capacity","Low Oil and Gas Supply","Reference","0%",8312724809150.2,1224662844.40119,24892927868953.3,23222.8143594195,-16580203059.8031,1224639621.58683,13.5388425848244
"Ambitious","Reference","Low LIB Capacity","Low Oil and Gas Supply","Reference","20%",8319688768126.13,1107986861.08536,24892927868953.3,23222.8143594195,-16573239100.8272,1107963638.271,14.9582879151973
"Ambitious","Reference","Low LIB Capacity","Low Oil and Gas Supply","Reference","40%",8326652727102.06,991310877.769526,24892927868953.3,23222.8143594195,-16566275141.8512,991287654.955166,16.7118747611161
"Ambitious","Reference","Low LIB Capacity","Low Oil and Gas Supply","Reference","60%",8333616686077.99,874634894.453692,24892927868953.3,23222.8143594195,-16559311182.8753,874611671.639333,18.9333297506049
"Ambitious","Reference","Low LIB Capacity","Low Oil and Gas Supply","Reference","80%",8340580645053.93,757958911.137859,24892927868953.3,23222.8143594195,-16552347223.8994,757935688.3235,21.8387225709242
"Ambitious","Reference","Low LIB Capacity","Reference case","Improved MPG","0%",9254022613627.43,1224662824.44637,23026269431545.3,23211.0264514974,-13772246817.9179,1224639613.41992,11.2459589474308
"Ambitious","Reference","Low LIB Capacity","Reference case","Improved MPG","20%",9260986572603.37,1107986841.13053,23026269431545.3,23211.0264514974,-13765282858.942,1107963630.10408,12.4239483002243
"Ambitious","Reference","Low LIB Capacity","Reference case","Improved MPG","40%",9267950531579.3,991310857.814701,23026269431545.3,23211.0264514974,-13758318899.966,991287646.78825,13.8792397388817
"Ambitious","Reference","Low LIB Capacity","Reference case","Improved MPG","60%",9274914490555.23,874634874.498868,23026269431545.3,23211.0264514974,-13751354940.9901,874611663.472416,15.7228122094713
"Ambitious","Reference","Low LIB Capacity","Reference case","Improved MPG","80%",9281878449531.16,757958891.183035,23026269431545.3,23211.0264514974,-13744390982.0142,757935680.156583,18.1339806818102
"Ambitious","Reference","Low LIB Capacity","Reference case","Reference","0%",9254022613627.43,1224662824.44637,24892927868953.3,23222.8143594195,-15638905255.3259,1224639601.63201,12.7702103006344
"Ambitious","Reference","Low LIB Capacity","Reference case","Reference","20%",9260986572603.37,1107986841.13053,24892927868953.3,23222.8143594195,-15631941296.3499,1107963618.31618,14.1087135334881
"Ambitious","Reference","Low LIB Capacity","Reference case","Reference","40%",9267950531579.3,991310857.814701,24892927868953.3,23222.8143594195,-15624977337.374,991287635.000342,15.7623042855453
"Ambitious","Reference","Low LIB Capacity","Reference case","Reference","60%",9274914490555.23,874634874.498868,24892927868953.3,23222.8143594195,-15618013378.3981,874611651.684508,17.8570835962654
"Ambitious","Reference","Low LIB Capacity","Reference case","Reference","80%",9281878449531.16,757958891.183035,24892927868953.3,23222.8143594195,-15611049419.4221,757935668.368675,20.5968000595911
"Ambitious","Short LIB Duration","Reference","Cambium NREL","Improved MPG","0%",10457050373006,2077765230.24347,22858579636336.8,23280.2850201366,-12401529263.3308,2077741949.95845,5.96875336880923
"Ambitious","Short LIB Duration","Reference","Cambium NREL","Improved MPG","20%",10471534421196.3,1834832868.10213,22858579636336.8,23280.2850201366,-12387045215.1405,1834809587.81711,6.75113390369704
"Ambitious","Short LIB Duration","Reference","Cambium NREL","Improved MPG","40%",10486018469386.6,1591900505.96078,22858579636336.8,23280.2850201366,-12372561166.9501,1591877225.67576,7.77230867267287
"Ambitious","Short LIB Duration","Reference","Cambium NREL","Improved MPG","60%",10500502517576.9,1348968143.81943,22858579636336.8,23280.2850201366,-12358077118.7598,1348944863.53441,9.16129150481365
"Ambitious","Short LIB Duration","Reference","Cambium NREL","Improved MPG","80%",10514986565767.2,1106035781.67809,22858579636336.8,23280.2850201366,-12343593070.5695,1106012501.39307,11.160446247237
"Ambitious","Short LIB Duration","Reference","Cambium NREL","Reference","0%",10457050373006,2077765230.24347,24712973934394.2,23291.9954802822,-14255923561.3882,2077741938.24799,6.86125803159615
"Ambitious","Short LIB Duration","Reference","Cambium NREL","Reference","20%",10471534421196.3,1834832868.10213,24712973934394.2,23291.9954802822,-14241439513.1979,1834809576.10665,7.76180792745662
"Ambitious","Short LIB Duration","Reference","Cambium NREL","Reference","40%",10486018469386.6,1591900505.96078,24712973934394.2,23291.9954802822,-14226955465.0076,1591877213.9653,8.93721911476376
"Ambitious","Short LIB Duration","Reference","Cambium NREL","Reference","60%",10500502517576.9,1348968143.81943,24712973934394.2,23291.9954802822,-14212471416.8173,1348944851.82395,10.5359914436829
"Ambitious","Short LIB Duration","Reference","Cambium NREL","Reference","80%",10514986565767.2,1106035781.67809,24712973934394.2,23291.9954802822,-14197987368.6269,1106012489.68261,12.837094970511
"Ambitious","Short LIB Duration","Reference","High Oil and Gas Supply","Improved MPG","0%",11947821831916.6,2077765217.04461,22858579636336.8,23280.2850201366,-10910757804.4202,2077741936.75959,5.25125744029423
"Ambitious","Short LIB Duration","Reference","High Oil and Gas Supply","Improved MPG","20%",11962305880106.9,1834832854.90327,22858579636336.8,23280.2850201366,-10896273756.2299,1834809574.61825,5.93864012209384
"Ambitious","Short LIB Duration","Reference","High Oil and Gas Supply","Improved MPG","40%",11976789928297.2,1591900492.76192,22858579636336.8,23280.2850201366,-10881789708.0395,1591877212.4769,6.8358222749529
"Ambitious","Short LIB Duration","Reference","High Oil and Gas Supply","Improved MPG","60%",11991273976487.5,1348968130.62058,22858579636336.8,23280.2850201366,-10867305659.8492,1348944850.33556,8.05615267158323
"Ambitious","Short LIB Duration","Reference","High Oil and Gas Supply","Improved MPG","80%",12005758024677.8,1106035768.47923,22858579636336.8,23280.2850201366,-10852821611.6589,1106012488.19421,9.81256697144384
"Ambitious","Short LIB Duration","Reference","High Oil and Gas Supply","Reference","0%",11947821831916.6,2077765217.04461,24712973934394.2,23291.9954802822,-12765152102.4776,2077741925.04913,6.14376210470688
"Ambitious","Short LIB Duration","Reference","High Oil and Gas Supply","Reference","20%",11962305880106.9,1834832854.90327,24712973934394.2,23291.9954802822,-12750668054.2873,1834809562.90779,6.94931414793813
"Ambitious","Short LIB Duration","Reference","High Oil and Gas Supply","Reference","40%",11976789928297.2,1591900492.76192,24712973934394.2,23291.9954802822,-12736184006.097,1591877200.76644,8.00073271981335
"Ambitious","Short LIB Duration","Reference","High Oil and Gas Supply","Reference","60%",11991273976487.5,1348968130.62058,24712973934394.2,23291.9954802822,-12721699957.9067,1348944838.6251,9.4308526143094
"Ambitious","Short LIB Duration","Reference","High Oil and Gas Supply","Reference","80%",12005758024677.8,1106035768.47923,24712973934394.2,23291.9954802822,-12707215909.7163,1106012476.48375,11.4892157004551
"Ambitious","Short LIB Duration","Reference","Low Oil and Gas Supply","Improved MPG","0%",10103850968478.7,2077765253.54587,22858579636336.8,23280.2850201366,-12754728667.8581,2077741973.26085,6.13874524941157
"Ambitious","Short LIB Duration","Reference","Low Oil and Gas Supply","Improved MPG","20%",10118335016669,1834832891.40453,22858579636336.8,23280.2850201366,-12740244619.6678,1834809611.11951,6.94363303007462
"Ambitious","Short LIB Duration","Reference","Low Oil and Gas Supply","Improved MPG","40%",10132819064859.3,1591900529.26318,22858579636336.8,23280.2850201366,-12725760571.4775,1591877248.97816,7.99418458907321
"Ambitious","Short LIB Duration","Reference","Low Oil and Gas Supply","Improved MPG","60%",10147303113049.6,1348968167.12183,22858579636336.8,23280.2850201366,-12711276523.2872,1348944886.83681,9.42312517533185
"Ambitious","Short LIB Duration","Reference","Low Oil and Gas Supply","Improved MPG","80%",10161787161239.9,1106035804.98049,22858579636336.8,23280.2850201366,-12696792475.0969,1106012524.69547,11.4797908627597
"Ambitious","Short LIB Duration","Reference","Low Oil and Gas Supply","Reference","0%",10103850968478.7,2077765253.54587,24712973934394.2,23291.9954802822,-14609122965.9155,2077741961.55039,7.03124990314693
"Ambitious","Short LIB Duration","Reference","Low Oil and Gas Supply","Reference","20%",10118335016669,1834832891.40453,24712973934394.2,23291.9954802822,-14594638917.7252,1834809599.40905,7.95430704222707
"Ambitious","Short LIB Duration","Reference","Low Oil and Gas Supply","Reference","40%",10132819064859.3,1591900529.26318,24712973934394.2,23291.9954802822,-14580154869.5349,1591877237.2677,9.15909501574398
"Ambitious","Short LIB Duration","Reference","Low Oil and Gas Supply","Reference","60%",10147303113049.6,1348968167.12183,24712973934394.2,23291.9954802822,-14565670821.3446,1348944875.12635,10.7978250927268
"Ambitious","Short LIB Duration","Reference","Low Oil and Gas Supply","Reference","80%",10161787161239.9,1106035804.98049,24712973934394.2,23291.9954802822,-14551186773.1543,1106012512.98501,13.1564395540898
"Ambitious","Short LIB Duration","Reference","Reference case","Improved MPG","0%",11037205086673.2,2077765233.75585,22858579636336.8,23280.2850201366,-11821374549.6636,2077741953.47083,5.68952969829397
"Ambitious","Short LIB Duration","Reference","Reference case","Improved MPG","20%",11051689134863.5,1834832871.6145,22858579636336.8,23280.2850201366,-11806890501.4733,1834809591.32948,6.43494047407838
"Ambitious","Short LIB Duration","Reference","Reference case","Improved MPG","40%",11066173183053.8,1591900509.47316,22858579636336.8,23280.2850201366,-11792406453.283,1591877229.18814,7.4078617603552
"Ambitious","Short LIB Duration","Reference","Reference case","Improved MPG","60%",11080657231244.1,1348968147.33181,22858579636336.8,23280.2850201366,-11777922405.0927,1348944867.04679,8.73121110640924
"Ambitious","Short LIB Duration","Reference","Reference case","Improved MPG","80%",11095141279434.4,1106035785.19046,22858579636336.8,23280.2850201366,-11763438356.9024,1106012504.90544,10.6358999601981
"Ambitious","Short LIB Duration","Reference","Reference case","Reference","0%",11037205086673.2,2077765233.75585,24712973934394.2,23291.9954802822,-13675768847.721,2077741941.76037,6.58203435799838
"Ambitious","Short LIB Duration","Reference","Reference case","Reference","20%",11051689134863.5,1834832871.6145,24712973934394.2,23291.9954802822,-13661284799.5307,1834809579.61902,7.44561449388515
"Ambitious","Short LIB Duration","Reference","Reference case","Reference","40%",11066173183053.8,1591900509.47316,24712973934394.2,23291.9954802822,-13646800751.3404,1591877217.47767,8.57277219719478
"Ambitious","Short LIB Duration","Reference","Reference case","Reference","60%",11080657231244.1,1348968147.33181,24712973934394.2,23291.9954802822,-13632316703.1501,1348944855.33633,10.1059110379654
"Ambitious","Short LIB Duration","Reference","Reference case","Reference","80%",11095141279434.4,1106035785.19046,24712973934394.2,23291.9954802822,-13617832654.9598,1106012493.19498,12.3125486725936
"Ambitious","Short LIB Duration","High LIB Capacity","Cambium NREL","Improved MPG","0%",10910936541166.9,2289592537.95224,22858579636336.8,23280.2850201366,-11947643095.1698,2289569257.66721,5.21829294098008
"Ambitious","Short LIB Duration","High LIB Capacity","Cambium NREL","Improved MPG","20%",10926847322134,2021877276.16623,22858579636336.8,23280.2850201366,-11931732314.2028,2021853995.88121,5.90138177064681
"Ambitious","Short LIB Duration","High LIB Capacity","Cambium NREL","Improved MPG","40%",10942758103101,1754162014.38023,22858579636336.8,23280.2850201366,-11915821533.2358,1754138734.09521,6.79297555069496
"Ambitious","Short LIB Duration","High LIB Capacity","Cambium NREL","Improved MPG","60%",10958668884068,1486446752.59423,22858579636336.8,23280.2850201366,-11899910752.2687,1486423472.30921,8.00573387998364
"Ambitious","Short LIB Duration","High LIB Capacity","Cambium NREL","Improved MPG","80%",10974579665035,1218731490.80823,22858579636336.8,23280.2850201366,-11883999971.3017,1218708210.52321,9.75130869611503
"Ambitious","Short LIB Duration","High LIB Capacity","Cambium NREL","Reference","0%",10910936541166.9,2289592537.95224,24712973934394.2,23291.9954802822,-13802037393.2273,2289569245.95676,6.02822448702997
"Ambitious","Short LIB Duration","High LIB Capacity","Cambium NREL","Reference","20%",10926847322134,2021877276.16623,24712973934394.2,23291.9954802822,-13786126612.2602,2021853984.17075,6.81855698788975
"Ambitious","Short LIB Duration","High LIB Capacity","Cambium NREL","Reference","40%",10942758103101,1754162014.38023,24712973934394.2,23291.9954802822,-13770215831.2932,1754138722.38475,7.85012932875263
"Ambitious","Short LIB Duration","High LIB Capacity","Cambium NREL","Reference","60%",10958668884068,1486446752.59423,24712973934394.2,23291.9954802822,-13754305050.3262,1486423460.59875,9.25328845710346
"Ambitious","Short LIB Duration","High LIB Capacity","Cambium NREL","Reference","80%",10974579665035,1218731490.80823,24712973934394.2,23291.9954802822,-13738394269.3591,1218708198.81275,11.2729152743396
"Ambitious","Short LIB Duration","High LIB Capacity","High Oil and Gas Supply","Improved MPG","0%",12401708000077.5,2289592524.75338,22858579636336.8,23280.2850201366,-10456871636.2592,2289569244.46836,4.56717859113597
"Ambitious","Short LIB Duration","High LIB Capacity","High Oil and Gas Supply","Improved MPG","20%",12417618781044.6,2021877262.96737,22858579636336.8,23280.2850201366,-10440960855.2922,2021853982.68235,5.16405286668644
"Ambitious","Short LIB Duration","High LIB Capacity","High Oil and Gas Supply","Improved MPG","40%",12433529562011.6,1754162001.18137,22858579636336.8,23280.2850201366,-10425050074.3252,1754138720.89635,5.94311610030366
"Ambitious","Short LIB Duration","High LIB Capacity","High Oil and Gas Supply","Improved MPG","60%",12449440342978.6,1486446739.39537,22858579636336.8,23280.2850201366,-10409139293.3581,1486423459.11035,7.00280880899727
"Ambitious","Short LIB Duration","High LIB Capacity","High Oil and Gas Supply","Improved MPG","80%",12465351123945.6,1218731477.60937,22858579636336.8,23280.2850201366,-10393228512.3911,1218708197.32435,8.52806975058449
"Ambitious","Short LIB Duration","High LIB Capacity","High Oil and Gas Supply","Reference","0%",12401708000077.5,2289592524.75338,24712973934394.2,23291.9954802822,-12311265934.3167,2289569232.7579,5.37711013852468
"Ambitious","Short LIB Duration","High LIB Capacity","High Oil and Gas Supply","Reference","20%",12417618781044.6,2021877262.96737,24712973934394.2,23291.9954802822,-12295355153.3496,2021853970.97189,6.08122808564622
"Ambitious","Short LIB Duration","High LIB Capacity","High Oil and Gas Supply","Reference","40%",12433529562011.6,1754162001.18137,24712973934394.2,23291.9954802822,-12279444372.3826,1754138709.18589,7.00026988064221
"Ambitious","Short LIB Duration","High LIB Capacity","High Oil and Gas Supply","Reference","60%",12449440342978.6,1486446739.39537,24712973934394.2,23291.9954802822,-12263533591.4156,1486423447.39989,8.25036338929356
"Ambitious","Short LIB Duration","High LIB Capacity","High Oil and Gas Supply","Reference","80%",12465351123945.6,1218731477.60937,24712973934394.2,23291.9954802822,-12247622810.4485,1218708185.61389,10.0496763335344
"Ambitious","Short LIB Duration","High LIB Capacity","Low Oil and Gas Supply","Improved MPG","0%",10557737136639.6,2289592561.25464,22858579636336.8,23280.2850201366,-12300842499.6972,2289569280.96961,5.37255745084414
"Ambitious","Short LIB Duration","High LIB Capacity","Low Oil and Gas Supply","Improved MPG","20%",10573647917606.6,2021877299.46863,22858579636336.8,23280.2850201366,-12284931718.7301,2021854019.18361,6.07607255626228
"Ambitious","Short LIB Duration","High LIB Capacity","Low Oil and Gas Supply","Improved MPG","40%",10589558698573.7,1754162037.68263,22858579636336.8,23280.2850201366,-12269020937.7631,1754138757.39761,6.99432749320531
"Ambitious","Short LIB Duration","High LIB Capacity","Low Oil and Gas Supply","Improved MPG","60%",10605469479540.7,1486446775.89663,22858579636336.8,23280.2850201366,-12253110156.7961,1486423495.61161,8.24335069579506
"Ambitious","Short LIB Duration","High LIB Capacity","Low Oil and Gas Supply","Improved MPG","80%",10621380260507.7,1218731514.11063,22858579636336.8,23280.2850201366,-12237199375.829,1218708233.82561,10.0411230811297
"Ambitious","Short LIB Duration","High LIB Capacity","Low Oil and Gas Supply","Reference","0%",10557737136639.6,2289592561.25464,24712973934394.2,23291.9954802822,-14155236797.7546,2289569269.25916,6.18248898943985
"Ambitious","Short LIB Duration","High LIB Capacity","Low Oil and Gas Supply","Reference","20%",10573647917606.6,2021877299.46863,24712973934394.2,23291.9954802822,-14139326016.7876,2021854007.47315,6.99324776394633
"Ambitious","Short LIB Duration","High LIB Capacity","Low Oil and Gas Supply","Reference","40%",10589558698573.7,1754162037.68263,24712973934394.2,23291.9954802822,-14123415235.8205,1754138745.68715,8.0514812585637
"Ambitious","Short LIB Duration","High LIB Capacity","Low Oil and Gas Supply","Reference","60%",10605469479540.7,1486446775.89663,24712973934394.2,23291.9954802822,-14107504454.8535,1486423483.90115,9.49090525522919
"Ambitious","Short LIB Duration","High LIB Capacity","Low Oil and Gas Supply","Reference","80%",10621380260507.7,1218731514.11063,24712973934394.2,23291.9954802822,-14091593673.8865,1218708222.11515,11.5627296330451
"Ambitious","Short LIB Duration","High LIB Capacity","Reference case","Improved MPG","0%",11491091254834.1,2289592541.46461,22858579636336.8,23280.2850201366,-11367488381.5027,2289569261.17959,4.96490260165622
"Ambitious","Short LIB Duration","High LIB Capacity","Reference case","Improved MPG","20%",11507002035801.1,2021877279.67861,22858579636336.8,23280.2850201366,-11351577600.5356,2021853999.39359,5.61443981807801
"Ambitious","Short LIB Duration","High LIB Capacity","Reference case","Improved MPG","40%",11522912816768.2,1754162017.8926,22858579636336.8,23280.2850201366,-11335666819.5686,1754138737.60758,6.46224074330002
"Ambitious","Short LIB Duration","High LIB Capacity","Reference case","Improved MPG","60%",11538823597735.2,1486446756.1066,22858579636336.8,23280.2850201366,-11319756038.6016,1486423475.82158,7.61543141825372
"Ambitious","Short LIB Duration","High LIB Capacity","Reference case","Improved MPG","80%",11554734378702.2,1218731494.3206,22858579636336.8,23280.2850201366,-11303845257.6345,1218708214.03558,9.27526796607324
"Ambitious","Short LIB Duration","High LIB Capacity","Reference case","Reference","0%",11491091254834.1,2289592541.46461,24712973934394.2,23291.9954802822,-13221882679.5601,2289569249.46913,5.7748341451676
"Ambitious","Short LIB Duration","High LIB Capacity","Reference case","Reference","20%",11507002035801.1,2021877279.67861,24712973934394.2,23291.9954802822,-13205971898.5931,2021853987.68313,6.53161503206568
"Ambitious","Short LIB Duration","High LIB Capacity","Reference case","Reference","40%",11522912816768.2,1754162017.8926,24712973934394.2,23291.9954802822,-13190061117.626,1754138725.89712,7.51939451703296
"Ambitious","Short LIB Duration","High LIB Capacity","Reference case","Reference","60%",11538823597735.2,1486446756.1066,24712973934394.2,23291.9954802822,-13174150336.659,1486423464.11112,8.86298598935069
"Ambitious","Short LIB Duration","High LIB Capacity","Reference case","Reference","80%",11554734378702.2,1218731494.3206,24712973934394.2,23291.9954802822,-13158239555.692,1218708202.32512,10.7968745353383
"Ambitious","Short LIB Duration","Low LIB Capacity","Cambium NREL","Improved MPG","0%",9822966892840.69,1779148896.04067,22858579636336.8,23280.2850201366,-13035612743.4961,1779125615.75565,7.32697715555032
"Ambitious","Short LIB Duration","Low LIB Capacity","Cambium NREL","Improved MPG","20%",9835385998461.16,1571136458.83225,22858579636336.8,23280.2850201366,-13023193637.8756,1571113178.54723,8.28915053078341
"Ambitious","Short LIB Duration","Low LIB Capacity","Cambium NREL","Improved MPG","40%",9847805104081.63,1363124021.62383,22858579636336.8,23280.2850201366,-13010774532.2551,1363100741.33881,9.54498382817709
"Ambitious","Short LIB Duration","Low LIB Capacity","Cambium NREL","Improved MPG","60%",9860224209702.1,1155111584.41541,22858579636336.8,23280.2850201366,-12998355426.6347,1155088304.13039,11.2531270381276
"Ambitious","Short LIB Duration","Low LIB Capacity","Cambium NREL","Improved MPG","80%",9872643315322.57,947099147.206983,22858579636336.8,23280.2850201366,-12985936321.0142,947075866.921963,13.711611471232
"Ambitious","Short LIB Duration","Low LIB Capacity","Cambium NREL","Reference","0%",9822966892840.69,1779148896.04067,24712973934394.2,23291.9954802822,-14890007041.5535,1779125604.04519,8.36928376934046
"Ambitious","Short LIB Duration","Low LIB Capacity","Cambium NREL","Reference","20%",9835385998461.16,1571136458.83225,24712973934394.2,23291.9954802822,-14877587935.933,1571113166.83677,9.46945659292454
"Ambitious","Short LIB Duration","Low LIB Capacity","Cambium NREL","Reference","40%",9847805104081.63,1363124021.62383,24712973934394.2,23291.9954802822,-14865168830.3125,1363100729.62835,10.9054074340974
"Ambitious","Short LIB Duration","Low LIB Capacity","Cambium NREL","Reference","60%",9860224209702.1,1155111584.41541,24712973934394.2,23291.9954802822,-14852749724.6921,1155088292.41993,12.858540617337
"Ambitious","Short LIB Duration","Low LIB Capacity","Cambium NREL","Reference","80%",9872643315322.57,947099147.206983,24712973934394.2,23291.9954802822,-14840330619.0716,947075855.211503,15.6696325193059
"Ambitious","Short LIB Duration","Low LIB Capacity","High Oil and Gas Supply","Improved MPG","0%",11313738351751.3,1779148882.84182,22858579636336.8,23280.2850201366,-11544841284.5855,1779125602.5568,6.48905353730747
"Ambitious","Short LIB Duration","Low LIB Capacity","High Oil and Gas Supply","Improved MPG","20%",11326157457371.8,1571136445.63339,22858579636336.8,23280.2850201366,-11532422178.965,1571113165.34837,7.34028740469999
"Ambitious","Short LIB Duration","Low LIB Capacity","High Oil and Gas Supply","Improved MPG","40%",11338576562992.2,1363124008.42497,22858579636336.8,23280.2850201366,-11520003073.3445,1363100728.13995,8.45132192766444
"Ambitious","Short LIB Duration","Low LIB Capacity","High Oil and Gas Supply","Improved MPG","60%",11350995668612.7,1155111571.21655,22858579636336.8,23280.2850201366,-11507583967.7241,1155088290.93153,9.96251460435435
"Ambitious","Short LIB Duration","Low LIB Capacity","High Oil and Gas Supply","Improved MPG","80%",11363414774233.2,947099134.008125,22858579636336.8,23280.2850201366,-11495164862.1036,947075853.723105,12.1375334582909
"Ambitious","Short LIB Duration","Low LIB Capacity","High Oil and Gas Supply","Reference","0%",11313738351751.3,1779148882.84182,24712973934394.2,23291.9954802822,-13399235582.6429,1779125590.84634,7.53136015331488
"Ambitious","Short LIB Duration","Low LIB Capacity","High Oil and Gas Supply","Reference","20%",11326157457371.8,1571136445.63339,24712973934394.2,23291.9954802822,-13386816477.0224,1571113153.63791,8.52059346968437
"Ambitious","Short LIB Duration","Low LIB Capacity","High Oil and Gas Supply","Reference","40%",11338576562992.2,1363124008.42497,24712973934394.2,23291.9954802822,-13374397371.4019,1363100716.42949,9.81174553736196
"Ambitious","Short LIB Duration","Low LIB Capacity","High Oil and Gas Supply","Reference","60%",11350995668612.7,1155111571.21655,24712973934394.2,23291.9954802822,-13361978265.7815,1155088279.22107,11.5679281888239
"Ambitious","Short LIB Duration","Low LIB Capacity","High Oil and Gas Supply","Reference","80%",11363414774233.2,947099134.008125,24712973934394.2,23291.9954802822,-13349559160.161,947075842.012644,14.0955545141893
"Ambitious","Short LIB Duration","Low LIB Capacity","Low Oil and Gas Supply","Improved MPG","0%",9469767488313.36,1779148919.34308,22858579636336.8,23280.2850201366,-13388812148.0234,1779125639.05806,7.52550120918498
"Ambitious","Short LIB Duration","Low LIB Capacity","Low Oil and Gas Supply","Improved MPG","20%",9482186593933.83,1571136482.13465,22858579636336.8,23280.2850201366,-13376393042.4029,1571113201.84963,8.51395878199943
"Ambitious","Short LIB Duration","Low LIB Capacity","Low Oil and Gas Supply","Improved MPG","40%",9494605699554.3,1363124044.92623,22858579636336.8,23280.2850201366,-13363973936.7825,1363100764.64121,9.80409833479924
"Ambitious","Short LIB Duration","Low LIB Capacity","Low Oil and Gas Supply","Improved MPG","60%",9507024805174.78,1155111607.71781,22858579636336.8,23280.2850201366,-13351554831.162,1155088327.43279,11.5589037773727
"Ambitious","Short LIB Duration","Low LIB Capacity","Low Oil and Gas Supply","Improved MPG","80%",9519443910795.25,947099170.509384,22858579636336.8,23280.2850201366,-13339135725.5415,947075890.224363,14.0845478838886
"Ambitious","Short LIB Duration","Low LIB Capacity","Low Oil and Gas Supply","Reference","0%",9469767488313.36,1779148919.34308,24712973934394.2,23291.9954802822,-15243206446.0808,1779125627.34759,8.56780781063005
"Ambitious","Short LIB Duration","Low LIB Capacity","Low Oil and Gas Supply","Reference","20%",9482186593933.83,1571136482.13465,24712973934394.2,23291.9954802822,-15230787340.4603,1571113190.13917,9.69426482831016
"Ambitious","Short LIB Duration","Low LIB Capacity","Low Oil and Gas Supply","Reference","40%",9494605699554.3,1363124044.92623,24712973934394.2,23291.9954802822,-15218368234.8399,1363100752.93075,11.164521919689
"Ambitious","Short LIB Duration","Low LIB Capacity","Low Oil and Gas Supply","Reference","60%",9507024805174.78,1155111607.71781,24712973934394.2,23291.9954802822,-15205949129.2194,1155088315.72233,13.164317327295
"Ambitious","Short LIB Duration","Low LIB Capacity","Low Oil and Gas Supply","Reference","80%",9519443910795.25,947099170.509384,24712973934394.2,23291.9954802822,-15193530023.5989,947075878.513903,16.0425688883976
"Ambitious","Short LIB Duration","Low LIB Capacity","Reference case","Improved MPG","0%",10403121606507.9,1779148899.55305,22858579636336.8,23280.2850201366,-12455458029.8289,1779125619.26803,7.00088734316206
"Ambitious","Short LIB Duration","Low LIB Capacity","Reference case","Improved MPG","20%",10415540712128.3,1571136462.34463,22858579636336.8,23280.2850201366,-12443038924.2084,1571113182.05961,7.91988703697119
"Ambitious","Short LIB Duration","Low LIB Capacity","Reference case","Improved MPG","40%",10427959817748.8,1363124025.1362,22858579636336.8,23280.2850201366,-12430619818.588,1363100744.85118,9.11936983788023
"Ambitious","Short LIB Duration","Low LIB Capacity","Reference case","Improved MPG","60%",10440378923369.3,1155111587.92778,22858579636336.8,23280.2850201366,-12418200712.9675,1155088307.64276,10.750866951731
"Ambitious","Short LIB Duration","Low LIB Capacity","Reference case","Improved MPG","80%",10452798028989.7,947099150.719358,22858579636336.8,23280.2850201366,-12405781607.347,947075870.434338,13.0990367241197
"Ambitious","Short LIB Duration","Low LIB Capacity","Reference case","Reference","0%",10403121606507.9,1779148899.55305,24712973934394.2,23291.9954802822,-14309852327.8863,1779125607.55757,8.0431939527481
"Ambitious","Short LIB Duration","Low LIB Capacity","Reference case","Reference","20%",10415540712128.3,1571136462.34463,24712973934394.2,23291.9954802822,-14297433222.2659,1571113170.34915,9.10019309372128
"Ambitious","Short LIB Duration","Low LIB Capacity","Reference case","Reference","40%",10427959817748.8,1363124025.1362,24712973934394.2,23291.9954802822,-14285014116.6454,1363100733.14072,10.4797934366386
"Ambitious","Short LIB Duration","Low LIB Capacity","Reference case","Reference","60%",10440378923369.3,1155111587.92778,24712973934394.2,23291.9954802822,-14272595011.0249,1155088295.9323,12.3562805209667
"Ambitious","Short LIB Duration","Low LIB Capacity","Reference case","Reference","80%",10452798028989.7,947099150.719358,24712973934394.2,23291.9954802822,-14260175905.4044,947075858.723878,15.0570577573576
